candidate,epoch,kind,split,rows,log_mae,price_per_m2_mape,abs_pct_error_p50,abs_pct_error_p80,abs_pct_error_p90,abs_pct_error_p95,abs_pct_error_p99,error_gt_10pct_rate,error_gt_20pct_rate,error_gt_30pct_rate,error_gt_50pct_rate
e30_mse,30,mse,valid,384432,0.06481536641673159,0.06510215955345383,0.043808197453181465,0.0970238448256362,0.1415909175953568,0.19187462818701168,0.34149884152413484,0.19016367003787407,0.044967640571024266,0.014720418695634079,0.0031865193324176967
e30_mse,30,mse,test,442008,0.06494864084206513,0.06483724904162472,0.04324576230906241,0.09623497265821712,0.14195868015201052,0.19368185341976135,0.34668385105841193,0.18806899422634885,0.046254818917304666,0.015271216810555465,0.0033257316609654124
e30_mse,30,mse,recent_holdout,209468,0.06828156638296139,0.0682771065568132,0.045494965853255714,0.10140775275160271,0.14901636486795383,0.2026238728418941,0.3653171702879296,0.2045515305440449,0.051392098077033245,0.017768823877632862,0.0038621651039776957
e30_huber_005,30,huber,valid,384432,0.06429829506535718,0.06482760046280583,0.04304595246699649,0.09697206805265178,0.1421976130034598,0.19337880720632403,0.350238239973562,0.19043419902609565,0.04596131435468431,0.015422753568901652,0.0036157239771923253
e30_huber_005,30,huber,test,442008,0.06352799301480724,0.06371818152856124,0.0418088029298425,0.09504917860923622,0.1409516252605167,0.19325699648428088,0.35070161641798714,0.18463240484335125,0.04607382671806845,0.015461258619753488,0.003624368789705164
e30_huber_005,30,huber,recent_holdout,209468,0.06682835904268863,0.06740386594108079,0.044180012069236226,0.0999219113888828,0.1477726676173924,0.2020647532288158,0.3667555819705465,0.19968682567265644,0.051234556113582984,0.01772108388870854,0.004248859014264709
e30_huber_0075,30,huber,valid,384432,0.06424914284879936,0.06477966766789868,0.043039378589330955,0.0969003403921629,0.14221731158067089,0.19283804433764704,0.3472805789924195,0.19014546135597452,0.04573500645107587,0.015186040704207766,0.003490864444166979
e30_huber_0075,30,huber,test,442008,0.06357496334710164,0.06374896237700581,0.0418960558566079,0.09516457027709889,0.14109505820231058,0.19312455462114445,0.3493538346441971,0.18504642449910408,0.045996905033393064,0.015404698557492172,0.0035338726900870573
e30_huber_0075,30,huber,recent_holdout,209468,0.06687568024754781,0.06742971106733246,0.044231350273031905,0.0999392290205034,0.147856587711455,0.2019345179383633,0.36484256053110664,0.19980140164607482,0.05115339813241163,0.017630377909752325,0.004191571027555522
e30_huber_010,30,huber,valid,384432,0.06422431267088324,0.06477230728971217,0.04287194703868288,0.09678253236022501,0.14223200952998186,0.1939641861533312,0.35111378353244194,0.18990094477046657,0.0462786656677904,0.015532005660298831,0.003675552503433637
e30_huber_010,30,huber,test,442008,0.06329290958006067,0.06351289972959824,0.041557124355391786,0.0945822962661662,0.14052675113786098,0.19310429521282627,0.35081315359771387,0.18334057302130277,0.0460285786682594,0.015619626794085175,0.003651517619590596
e30_huber_010,30,huber,recent_holdout,209468,0.06658473599195444,0.06719193319894215,0.043760982573901056,0.09952411552116336,0.1472190931701275,0.20216419648590173,0.3683355103629361,0.19860790192296676,0.05121546011801325,0.017859529856589073,0.004334790994328489
e30_huber_015,30,huber,valid,384432,0.0638913150682389,0.06443774625987364,0.042938678814670894,0.09621163690908294,0.14102723776339707,0.191688488889313,0.3458418288381118,0.1880462604569859,0.045058683980521916,0.014933720397885712,0.003527281807966038
e30_huber_015,30,huber,test,442008,0.06312707174782986,0.06332808995242885,0.041759794379429685,0.09436059025213225,0.1394772117819722,0.1911834578439563,0.3473683331007583,0.1823700023528986,0.044861178983185826,0.01508117500135744,0.0035383974950679627
e30_huber_015,30,huber,recent_holdout,209468,0.0664235713054339,0.06699210065995179,0.04411736654559278,0.09912519815140337,0.14644914667693656,0.20011718347306337,0.36420915484623845,0.19727595623197816,0.050060152386044644,0.01725800599614261,0.004201119025340386
e30_huber_005_blend_w25,30,static_blend,valid,384432,0.06438484852938722,0.06467613105263713,0.04333277438147313,0.09658438092210568,0.14121835873149388,0.1914487452221267,0.34197128957622924,0.18899311191576143,0.04490260956424023,0.014660590169392767,0.0032515503392017316
e30_huber_005_blend_w25,30,static_blend,test,442008,0.06428425795678365,0.06418427563767336,0.04264517299418722,0.09549663488691315,0.14124140715343048,0.19290356225327193,0.3462470703667124,0.18584731498072432,0.04575030316193372,0.01518977032089917,0.003361930100812655
e30_huber_005_blend_w25,30,static_blend,recent_holdout,209468,0.06761064854089474,0.06774100356211539,0.04486698435515957,0.10062981130082314,0.1482108845359608,0.2014307041261897,0.3640246264401988,0.20191628315542232,0.050886054194435426,0.017644699906429622,0.003919453090686883
e30_huber_005_blend_w50,30,static_blend,valid,384432,0.06414854740019456,0.06449446537166006,0.0430759577081536,0.09641815029993503,0.1411096088324873,0.19165466614795237,0.34386019700808057,0.18862893827777083,0.045024867856994215,0.014756836059433138,0.0033660049111416323
e30_huber_005_blend_w50,30,static_blend,test,442008,0.06381470756292426,0.06378442939856,0.04219030261216794,0.09510009046790165,0.14072495980631716,0.1926419473223402,0.3462002387547393,0.18456905757361858,0.04557157336518796,0.015187507918408717,0.003441114187978498
e30_huber_005_blend_w50,30,static_blend,recent_holdout,209468,0.06713529681750824,0.06741161480860966,0.04442964203946562,0.09999717789465612,0.147695055136012,0.2012768636029977,0.3630910873305115,0.19999713560066454,0.05077625221990949,0.01738690396623828,0.0040006110718582314
e30_huber_005_blend_w75,30,static_blend,valid,384432,0.06411618024002796,0.06454541496522327,0.04294716576098909,0.0964840857849983,0.1415163414784146,0.19221199984441445,0.3463936176404052,0.18872778540808258,0.04524337203978857,0.01497013776168477,0.003480459483081533
e30_huber_005_blend_w75,30,static_blend,test,442008,0.06355628541176137,0.06362804102721001,0.04191349094961472,0.09496095092047867,0.1406933832039446,0.19264563671337626,0.34838773553132596,0.18413467629545166,0.0457706647843478,0.015253117590631844,0.003529347885106152
e30_huber_005_blend_w75,30,static_blend,recent_holdout,209468,0.06686975294045815,0.06729551820922373,0.04419290867863435,0.09979465068267808,0.14743326433512197,0.20157146521304173,0.36420037848889814,0.19941948173468024,0.050943342181144616,0.01757786392193557,0.004134283040846335
e30_huber_005_gate_resid_expected_abs_pct_error_q50,30,risk_gate,valid,384432,0.06492877968663062,0.0653637095713742,0.04366322453107828,0.09747444559608644,0.14243559161502595,0.1935107575571169,0.34783238708644537,0.19189349481832937,0.04585726474382986,0.015360323802388979,0.0033868148333125233
e30_huber_005_gate_resid_expected_abs_pct_error_q50,30,risk_gate,test,442008,0.06344820576473639,0.06361028846425389,0.04185175691255626,0.09495701689968337,0.14057488674108695,0.1925168399576859,0.3472450998004434,0.18407811623319034,0.04572994153951965,0.015128685453656948,0.0035270854826156993
e30_huber_005_gate_resid_expected_abs_pct_error_q50,30,risk_gate,recent_holdout,209468,0.0667575956298405,0.06724234848574201,0.04413588274435858,0.09987094252034465,0.14724102066347783,0.20099675942986878,0.362814860025949,0.19948154372028185,0.05063780625202895,0.01738212996734585,0.004110413046384173
e30_huber_005_gate_resid_expected_abs_pct_error_q70,30,risk_gate,valid,384432,0.06499554656331281,0.06539369701946474,0.043633294253780236,0.09754341529354361,0.14277755605752607,0.19394777586371506,0.34967291399714734,0.19221344737170684,0.04625265326507679,0.015560619303283806,0.003485661963624256
e30_huber_005_gate_resid_expected_abs_pct_error_q70,30,risk_gate,test,442008,0.0634255932009248,0.06356700815968168,0.04183219998851766,0.09491554831249913,0.14050156541664455,0.19232841982915314,0.34680381430912965,0.1839174856563682,0.04557836057265932,0.015101536623771516,0.003520298275144341
e30_huber_005_gate_resid_expected_abs_pct_error_q70,30,risk_gate,recent_holdout,209468,0.06683851610023862,0.06740596381492754,0.044161096560703564,0.0999592018549216,0.14763823706124232,0.20194739497705136,0.3655199319106125,0.19983959363721426,0.05115817213130407,0.01770198789313881,0.004215441022017683
e30_huber_005_gate_resid_expected_abs_pct_error_q85,30,risk_gate,valid,384432,0.06433012452348734,0.0648394402628468,0.04307101567177547,0.09703742209039214,0.14225607490113168,0.19341636041499655,0.34905330384020666,0.1906188870853623,0.04595871311441295,0.015336912639946727,0.003584509093935989
e30_huber_005_gate_resid_expected_abs_pct_error_q85,30,risk_gate,test,442008,0.06353841646446327,0.06371981108028403,0.041835485423021235,0.09509025217869631,0.14091524834579605,0.19327639838351385,0.3495213502516723,0.1845781071835804,0.046067039510597096,0.015382074532587645,0.0035926951548388266
e30_huber_005_gate_resid_expected_abs_pct_error_q85,30,risk_gate,recent_holdout,209468,0.06684185474097668,0.06739996570591496,0.04418541941956502,0.09996037639262445,0.14770067150000846,0.20195884247165807,0.36522100325169277,0.19986823763056888,0.05115339813241163,0.017673343899784217,0.004220215020910115
e30_huber_005_gate_best_resid_abs_pct_mean_q50,30,risk_gate,valid,384432,0.06492877968663062,0.0653637095713742,0.04366322453107828,0.09747444559608644,0.14243559161502595,0.1935107575571169,0.34783238708644537,0.19189349481832937,0.04585726474382986,0.015360323802388979,0.0033868148333125233
e30_huber_005_gate_best_resid_abs_pct_mean_q50,30,risk_gate,test,442008,0.06344820576473639,0.06361028846425389,0.04185175691255626,0.09495701689968337,0.14057488674108695,0.1925168399576859,0.3472450998004434,0.18407811623319034,0.04572994153951965,0.015128685453656948,0.0035270854826156993
e30_huber_005_gate_best_resid_abs_pct_mean_q50,30,risk_gate,recent_holdout,209468,0.0667575956298405,0.06724234848574201,0.04413588274435858,0.09987094252034465,0.14724102066347783,0.20099675942986878,0.362814860025949,0.19948154372028185,0.05063780625202895,0.01738212996734585,0.004110413046384173
e30_huber_005_gate_best_resid_abs_pct_mean_q70,30,risk_gate,valid,384432,0.06499554656331281,0.06539369701946474,0.043633294253780236,0.09754341529354361,0.14277755605752607,0.19394777586371506,0.34967291399714734,0.19221344737170684,0.04625265326507679,0.015560619303283806,0.003485661963624256
e30_huber_005_gate_best_resid_abs_pct_mean_q70,30,risk_gate,test,442008,0.0634255932009248,0.06356700815968168,0.04183219998851766,0.09491554831249913,0.14050156541664455,0.19232841982915314,0.34680381430912965,0.1839174856563682,0.04557836057265932,0.015101536623771516,0.003520298275144341
e30_huber_005_gate_best_resid_abs_pct_mean_q70,30,risk_gate,recent_holdout,209468,0.06683851610023862,0.06740596381492754,0.044161096560703564,0.0999592018549216,0.14763823706124232,0.20194739497705136,0.3655199319106125,0.19983959363721426,0.05115817213130407,0.01770198789313881,0.004215441022017683
e30_huber_005_gate_best_resid_abs_pct_mean_q85,30,risk_gate,valid,384432,0.06433012452348734,0.0648394402628468,0.04307101567177547,0.09703742209039214,0.14225607490113168,0.19341636041499655,0.34905330384020666,0.1906188870853623,0.04595871311441295,0.015336912639946727,0.003584509093935989
e30_huber_005_gate_best_resid_abs_pct_mean_q85,30,risk_gate,test,442008,0.06353841646446327,0.06371981108028403,0.041835485423021235,0.09509025217869631,0.14091524834579605,0.19327639838351385,0.3495213502516723,0.1845781071835804,0.046067039510597096,0.015382074532587645,0.0035926951548388266
e30_huber_005_gate_best_resid_abs_pct_mean_q85,30,risk_gate,recent_holdout,209468,0.06684185474097668,0.06739996570591496,0.04418541941956502,0.09996037639262445,0.14770067150000846,0.20195884247165807,0.36522100325169277,0.19986823763056888,0.05115339813241163,0.017673343899784217,0.004220215020910115
e30_huber_005_gate_complex_resid_abs_pct_mean_q50,30,risk_gate,valid,384432,0.06466023295039604,0.06497467658527824,0.04357459971051646,0.09718911115380255,0.14170825669553008,0.19204738043380964,0.3425732946810677,0.19084259374869939,0.04503527281807966,0.014808860864860366,0.0032983726640862365
e30_huber_005_gate_complex_resid_abs_pct_mean_q50,30,risk_gate,test,442008,0.06425256702093184,0.06422019413052812,0.04238980218031549,0.09579129951426232,0.14175833533732102,0.19333200672511563,0.3483700909264564,0.18675001357441495,0.04600595464335487,0.01527574161553637,0.003355142893341297
e30_huber_005_gate_complex_resid_abs_pct_mean_q50,30,risk_gate,recent_holdout,209468,0.06751033292381271,0.06770315904908852,0.044600459185321614,0.10078753020358375,0.1486005355301019,0.20228836439549758,0.36464225925686483,0.20256077300590067,0.05134435808810892,0.017797467870987453,0.00391467909179445
e30_huber_005_gate_complex_resid_abs_pct_mean_q70,30,risk_gate,valid,384432,0.06459359732689406,0.06491402425244623,0.04343612997801696,0.09727343069587524,0.14198075590188464,0.1924176294652777,0.3431334943495416,0.19117555250343363,0.045381237774170725,0.014941524118699796,0.00332438506679985
e30_huber_005_gate_complex_resid_abs_pct_mean_q70,30,risk_gate,test,442008,0.06409309103231806,0.06413080087121432,0.04219883040078756,0.09563806390821125,0.14173485361837407,0.19351192501848927,0.348632214391435,0.18635409313858572,0.04612586197534886,0.015336826482778593,0.0034049157481312554
e30_huber_005_gate_complex_resid_abs_pct_mean_q70,30,risk_gate,recent_holdout,209468,0.06732615952900742,0.06759920362325207,0.044452557550354835,0.10051531584375,0.1484124204945164,0.2024297917883792,0.365203005468101,0.20164416521855366,0.05140164607481811,0.017878625852158804,0.003962419080718774
e30_huber_005_gate_complex_resid_abs_pct_mean_q85,30,risk_gate,valid,384432,0.06448131957692937,0.06487775492232123,0.04325088254784569,0.0971965521365846,0.1421826142257562,0.19285291576697813,0.3451068062617593,0.19098826320389561,0.04568038040537729,0.01508199109335331,0.003350397469513464
e30_huber_005_gate_complex_resid_abs_pct_mean_q85,30,risk_gate,test,442008,0.06393194585108822,0.06404589975030904,0.042020255622858244,0.0954522417444293,0.14155735321545557,0.1936048044584468,0.3494686814723965,0.18589482543302382,0.0462435069048524,0.01543637219235851,0.0034320645780166873
e30_huber_005_gate_complex_resid_abs_pct_mean_q85,30,risk_gate,recent_holdout,209468,0.06720260327067414,0.06754620274027297,0.04438126070109815,0.1003827099126184,0.14832135470603824,0.20265954972631098,0.3668543990274564,0.20124314931158935,0.05152099604712892,0.017983653827792313,0.004048351060782554
e30_huber_005_gate_sgg_resid_abs_pct_mean_q50,30,risk_gate,valid,384432,0.06496607125130135,0.06531462899261672,0.043789042389791796,0.09745992345022168,0.14230870329988188,0.19309137737314735,0.3461355795948672,0.1917712365255754,0.04575841761351813,0.01517563574312232,0.0033061763849003205
e30_huber_005_gate_sgg_resid_abs_pct_mean_q50,30,risk_gate,test,442008,0.06404620031776243,0.06413570781412908,0.042257314743808144,0.09554017069994328,0.1413843105778942,0.19345084128550805,0.3493416553882309,0.18607129282727913,0.04611907476787751,0.015291578432969539,0.0034795750303161935
e30_huber_005_gate_sgg_resid_abs_pct_mean_q50,30,risk_gate,recent_holdout,209468,0.06701129348096413,0.06745214348818225,0.04427059191979836,0.10010663822334842,0.14782629055190813,0.2014827786668474,0.3641169565360722,0.20035995951648938,0.05084786220329597,0.017616055913075027,0.004072221055244715
e30_huber_005_gate_sgg_resid_abs_pct_mean_q70,30,risk_gate,valid,384432,0.06481387660041342,0.06523449515860794,0.04348415158488584,0.09749566877813576,0.1425348891668336,0.19353249902685396,0.3483099998000334,0.19201575311108338,0.04591709327007117,0.015370728763474424,0.0034154284762974987
e30_huber_005_gate_sgg_resid_abs_pct_mean_q70,30,risk_gate,test,442008,0.06363656626617765,0.06378766017014431,0.04197361687571951,0.09508640795574878,0.14071311398619465,0.1926416527867103,0.34730346406673296,0.18464145445331306,0.04567564387974878,0.01512189824618559,0.003508986262692078
e30_huber_005_gate_sgg_resid_abs_pct_mean_q70,30,risk_gate,recent_holdout,209468,0.0670016634750185,0.06748922208371032,0.04427059191979836,0.10010761275539123,0.1478290413498623,0.201798359234901,0.3650232659151865,0.20037905551205912,0.051010178165638666,0.017654247904214486,0.004148605037523631
e30_huber_005_gate_sgg_resid_abs_pct_mean_q85,30,risk_gate,valid,384432,0.06457430324664586,0.06507066322275627,0.04326842709762427,0.09721565318455574,0.14226943862172994,0.19329713013799743,0.3483858931700324,0.19122497606858951,0.0457870312565031,0.015357722562117617,0.0035038706455237855
e30_huber_005_gate_sgg_resid_abs_pct_mean_q85,30,risk_gate,test,442008,0.06364715849294333,0.06387924223445679,0.041909518731731044,0.09517196918459787,0.14107433139299672,0.1932602670371196,0.3497022840660999,0.18491068034967692,0.045985593020940796,0.015373024922625834,0.003588170349857921
e30_huber_005_gate_sgg_resid_abs_pct_mean_q85,30,risk_gate,recent_holdout,209468,0.06686276807502088,0.06743210110944509,0.04417352008585275,0.09997686568291973,0.14778294934154693,0.20211439928572114,0.36658726430486305,0.19991120362060075,0.051244104111367844,0.01770198789313881,0.00422976301869498
e30_huber_005_gate_complex_resid_error_gt_20_rate_q50,30,risk_gate,valid,384432,0.06458097662761442,0.06493546304784975,0.04352217066080784,0.09707186895348559,0.14153901724561654,0.1918591380349315,0.3424699262849369,0.1905122362342365,0.04504047529862238,0.014842676988388063,0.003316581345985766
e30_huber_005_gate_complex_resid_error_gt_20_rate_q50,30,risk_gate,test,442008,0.06433191516739956,0.06430701606559085,0.04255818444984891,0.09585830338558846,0.14185283510089722,0.19338322204661157,0.3472103058175538,0.18694458018859386,0.04603989068071166,0.015225968760746411,0.003382291723226729
e30_huber_005_gate_complex_resid_error_gt_20_rate_q50,30,risk_gate,recent_holdout,209468,0.06754734166568131,0.06776218281457246,0.04470874106196823,0.10079564956312691,0.1485615278073355,0.20248084551881776,0.36464225925686483,0.2025512250081158,0.05137777608035595,0.01781178986766475,0.003991063074073367
e30_huber_005_gate_complex_resid_error_gt_20_rate_q70,30,risk_gate,valid,384432,0.06453199973885376,0.06490190884156918,0.04343219728567418,0.09714160652161523,0.14182167907816037,0.1922206532133341,0.3433583724458722,0.19083739126815666,0.04531880800765805,0.014959732800599326,0.003350397469513464
e30_huber_005_gate_complex_resid_error_gt_20_rate_q70,30,risk_gate,test,442008,0.06408534127920341,0.06413409001854276,0.042230571020225996,0.09566412507975858,0.14160951617963258,0.1934410430449344,0.348421033991969,0.18636314274854754,0.04614169879278203,0.01530967765289316,0.003409440553112161
e30_huber_005_gate_complex_resid_error_gt_20_rate_q70,30,risk_gate,recent_holdout,209468,0.06731853528519179,0.06761582654685239,0.044475862584294715,0.10054577344234683,0.14830968689731902,0.20264150536845332,0.36528892705714755,0.20177306318864935,0.05147803005709703,0.017878625852158804,0.004019707067427961
e30_huber_005_gate_complex_resid_error_gt_20_rate_q85,30,risk_gate,valid,384432,0.06443679591689197,0.06485238923230625,0.04320893078069169,0.09710393245960867,0.14205831794729726,0.1927427734459365,0.34501824361751293,0.19076195530028717,0.04562315311940733,0.015074187372539226,0.0033894160735838848
e30_huber_005_gate_complex_resid_error_gt_20_rate_q85,30,risk_gate,test,442008,0.06392431411973958,0.06404417216201604,0.04204012062203026,0.09546894784314529,0.14151816065205905,0.19360898101790922,0.3492312361927469,0.18587672621310022,0.04620504606251471,0.015418272972434888,0.0034569510054116665
e30_huber_005_gate_complex_resid_error_gt_20_rate_q85,30,risk_gate,recent_holdout,209468,0.06718319284358158,0.06754471680353417,0.044373092016016594,0.10039652137559767,0.14816320504099775,0.20278960891931247,0.36600786673377034,0.20130043729829855,0.051597380029407836,0.017921591842190693,0.004072221055244715
e30_huber_005_gate_sgg_resid_error_gt_20_rate_q50,30,risk_gate,valid,384432,0.06500767104049271,0.06533098169083029,0.04380658970131501,0.09748858123007825,0.14226443879051223,0.19294785993910638,0.34620018687308246,0.19188048861697257,0.04570899404836226,0.015238065509634994,0.0032983726640862365
e30_huber_005_gate_sgg_resid_error_gt_20_rate_q50,30,risk_gate,test,442008,0.06440779139789897,0.06446094755427746,0.04251717089881537,0.09592822038012667,0.14196602343791542,0.19424868677779494,0.3512804340032392,0.18729299017212359,0.04664621454815297,0.01563320120902789,0.0035338726900870573
e30_huber_005_gate_sgg_resid_error_gt_20_rate_q50,30,risk_gate,recent_holdout,209468,0.06719771298759858,0.06761719232921111,0.04438503707278074,0.10028116158300522,0.14810757354329293,0.20217406634264762,0.3657922706939499,0.20092806538468883,0.05121068611912082,0.017816563866557184,0.004110413046384173
e30_huber_005_gate_sgg_resid_error_gt_20_rate_q70,30,risk_gate,valid,384432,0.06500285237127362,0.06540119012678983,0.04369952480051902,0.0976886581444583,0.14268938404450202,0.19377478219463748,0.3492736405294307,0.19254640612644108,0.04607056644608149,0.015521600699213385,0.003431035917925667
e30_huber_005_gate_sgg_resid_error_gt_20_rate_q70,30,risk_gate,test,442008,0.06424082068559223,0.0643199439852571,0.04235258668550684,0.09579837729420633,0.1418522147158813,0.19426078321609283,0.35122353158045566,0.18685860889395667,0.04660096649834392,0.015608314781632911,0.003574595934915205
e30_huber_005_gate_sgg_resid_error_gt_20_rate_q70,30,risk_gate,recent_holdout,209468,0.06707954666520498,0.06755155358765294,0.04428177994269299,0.10013580504065574,0.14801952001104374,0.20221983347699876,0.3676120464526314,0.20046976149101534,0.05127274810472244,0.017878625852158804,0.004201119025340386
e30_huber_005_gate_sgg_resid_error_gt_20_rate_q85,30,risk_gate,valid,384432,0.06479565267524943,0.06524792447802699,0.04342723756230692,0.09746192108072191,0.1426949313475849,0.19406829027464093,0.3506448266728824,0.192013151870812,0.04629687434968993,0.01565686519332418,0.003553294210679652
e30_huber_005_gate_sgg_resid_error_gt_20_rate_q85,30,risk_gate,test,442008,0.06362900730230685,0.06385195378401903,0.0418846182446775,0.09516585055009154,0.14112662985458374,0.19333680218286178,0.35020434139395196,0.18496271560695735,0.04604441548569257,0.015395648947530361,0.003624368789705164
e30_huber_005_gate_sgg_resid_error_gt_20_rate_q85,30,risk_gate,recent_holdout,209468,0.06687974444470399,0.06746129124831916,0.044191387396255555,0.09998029050266696,0.147840293293201,0.20220716884872678,0.3667014187357436,0.1999350736150629,0.051282296102507306,0.01774972788206313,0.004234537017587412
e30_huber_005_gate_complex_resid_confidence_q30,30,confidence_gate,valid,384432,0.06474834099673464,0.06502401809403886,0.04347215028375053,0.097352305755441,0.14220106136839497,0.19290748051024906,0.3433685761135974,0.19149810629708244,0.045612748158321885,0.01493111915761435,0.003222936696216756
e30_huber_005_gate_complex_resid_confidence_q30,30,confidence_gate,test,442008,0.06437741016008326,0.06442493710679179,0.042350706072901305,0.09602037637167467,0.14211676040013488,0.19428150513678966,0.3479806285820664,0.18757352808093972,0.04664395214566252,0.01541148576496353,0.003382291723226729
e30_huber_005_gate_complex_resid_confidence_q30,30,confidence_gate,recent_holdout,209468,0.06761496781131514,0.06786148709088023,0.0445459788593324,0.10088840928847459,0.14889585891796975,0.20324330374316574,0.36663712527087033,0.20278037695495255,0.051879045964061336,0.01819370977905933,0.003952871082933909
e30_huber_005_gate_complex_resid_confidence_q50,30,confidence_gate,valid,384432,0.06479275472960253,0.06502601416373897,0.04360487070363539,0.09727839918866461,0.14190064351725598,0.19231858871203286,0.3421344188888405,0.19109751529529279,0.04520435343571815,0.014764639780247222,0.003217734215674033
e30_huber_005_gate_complex_resid_confidence_q50,30,confidence_gate,test,442008,0.06457022290637618,0.06455189573844536,0.04262240328965543,0.09618559097460572,0.14211542627216106,0.1940510262088014,0.34729734912834764,0.18805315740891568,0.04646295994642631,0.015307415250402707,0.0033574052958317497
e30_huber_005_gate_complex_resid_confidence_q50,30,confidence_gate,recent_holdout,209468,0.06776488353707133,0.0679451684857568,0.04470583438074184,0.10111438304441368,0.14905395453440817,0.20312247295746508,0.36631907084687393,0.20353466877995685,0.05179311398399756,0.018093455802318255,0.00391467909179445
e30_huber_005_gate_complex_resid_confidence_q70,30,confidence_gate,valid,384432,0.0647790937492189,0.06501177733519632,0.043703734659891254,0.09715912116799723,0.1415709667714775,0.1918666373919825,0.34116001870330104,0.19066831065051817,0.044946830648853374,0.014660590169392767,0.0031865193324176967
e30_huber_005_gate_complex_resid_confidence_q70,30,confidence_gate,test,442008,0.06475354676171952,0.0646761095084459,0.042889094440894435,0.09628271914340822,0.14207921443913152,0.19387461449605717,0.3463195046502856,0.18840156739244537,0.04636115183435594,0.015237280773198676,0.003337043673417676
e30_huber_005_gate_complex_resid_confidence_q70,30,confidence_gate,recent_holdout,209468,0.06792910714888686,0.06804620672999348,0.04492705188415798,0.10126322606343996,0.14910899373371306,0.20293174833437588,0.36570495980008333,0.20392613668913628,0.05167853801057918,0.01802184581893177,0.003924227089579315
e30_huber_005_gate_sgg_resid_confidence_q30,30,confidence_gate,valid,384432,0.06506896104933867,0.0655009534007699,0.04372696584309641,0.09762835494084963,0.14292298077224766,0.19408514651056846,0.3503369249046012,0.19240593915178758,0.046343696674574435,0.015576226744911974,0.00349346568443834
e30_huber_005_gate_sgg_resid_confidence_q30,30,confidence_gate,test,442008,0.06389265697193419,0.06412493232222899,0.04206700137902089,0.09533556033422605,0.14133518695577632,0.19376695676578576,0.351438960322272,0.18562559953665997,0.04629780456462326,0.015517818682014805,0.003617581582233806
e30_huber_005_gate_sgg_resid_confidence_q30,30,confidence_gate,recent_holdout,209468,0.06702269344547247,0.06757661075784883,0.04433870051880644,0.10012423073574471,0.14804014268844753,0.2022601589368068,0.3663128636652914,0.20039337750873643,0.051349132087001356,0.017802241869879887,0.004215441022017683
e30_huber_005_gate_sgg_resid_confidence_q50,30,confidence_gate,valid,384432,0.0651414987333839,0.06549660422438307,0.04390130426622832,0.09764207762950859,0.1425904540248275,0.1936158287552658,0.34728131454448585,0.19230709202147583,0.04602374412119699,0.015375931244017147,0.003376409872227078
e30_huber_005_gate_sgg_resid_confidence_q50,30,confidence_gate,test,442008,0.06459195044843408,0.0646940783445505,0.04270201285605846,0.09608649809363053,0.14218986571392905,0.194778237971701,0.35209749257655554,0.18796266130929756,0.046892816419612314,0.015798356590830936,0.0035791207398961104
e30_huber_005_gate_sgg_resid_confidence_q50,30,confidence_gate,recent_holdout,209468,0.06716239561400875,0.0676366798626309,0.044436015261227674,0.10025151690636755,0.148131160307563,0.20242988299488138,0.36631907084687393,0.20079916741459317,0.05137777608035595,0.017821337865449614,0.004172475031985793
e30_huber_005_gate_sgg_resid_confidence_q70,30,confidence_gate,valid,384432,0.06499246221800163,0.06532450047529048,0.04385847853651466,0.09727403525163027,0.14198255635764465,0.19273789993239854,0.3453013858825475,0.19100907312606652,0.04542806009905523,0.015084592333624672,0.0033139801057144045
e30_huber_005_gate_sgg_resid_confidence_q70,30,confidence_gate,test,442008,0.06490689430604048,0.064869993529085,0.043019149280334894,0.09637847215174143,0.14241977761479185,0.19481246348516604,0.3511939442040404,0.188729615753561,0.04692901485945956,0.015698810881251017,0.0034976742502398146
e30_huber_005_gate_sgg_resid_confidence_q70,30,confidence_gate,recent_holdout,209468,0.06758999454375426,0.06794845311646061,0.044676360052307795,0.10078032535133008,0.14873121980297943,0.20326844325158555,0.3687328239230274,0.20249871102029904,0.05191723795520079,0.017993201825577176,0.004162927034200928
e30_huber_0075_blend_w25,30,static_blend,valid,384432,0.0644288529112534,0.06472103715385215,0.04339227157128578,0.09663077566012392,0.14136541166078317,0.19143734974643697,0.341716486796418,0.18914138261122904,0.044889603362883425,0.014631976526407792,0.003243746618387647
e30_huber_0075_blend_w25,30,static_blend,test,442008,0.06435099727475498,0.06424669808668419,0.0427152100439645,0.09557605694622967,0.14140105234114686,0.1930844026397244,0.34656883881154854,0.1861550017194259,0.045899621726303595,0.015214656748294149,0.0033528804908508443
e30_huber_0075_blend_w25,30,static_blend,recent_holdout,209468,0.06768043608566492,0.06780394933100635,0.04493573482491488,0.10072718538609023,0.14831628774689296,0.20166439749985673,0.36436042445990174,0.20223136708232284,0.0510149521645311,0.01765902190310692,0.0039099050929020185
e30_huber_0075_blend_w50,30,static_blend,valid,384432,0.06420038894197434,0.06454741451936791,0.04313578001290186,0.09652633628864712,0.1413015107318379,0.1917129330815027,0.3428505680979382,0.18879281641486662,0.045063886461064635,0.014730823656719523,0.0033321887876139344
e30_huber_0075_blend_w50,30,static_blend,test,442008,0.06391469851115784,0.06387565161378046,0.04227278338597003,0.09527735468964309,0.14095942508400539,0.19276592103253098,0.346508205386443,0.1850215380717091,0.04569826790465331,0.015244067980670033,0.003413965358093066
e30_huber_0075_blend_w50,30,static_blend,recent_holdout,209468,0.06723941304616429,0.06750311612189935,0.0444948777572014,0.1001293331413962,0.14785022523982927,0.20149508939579544,0.36374212871133155,0.2004172475031986,0.050886054194435426,0.017530123933011246,0.003943323085149044
e30_huber_0075_blend_w75,30,static_blend,valid,384432,0.06413822975069511,0.06456863336698195,0.043025810364193305,0.09657663689105163,0.14160374982074453,0.192044020624833,0.3447570057882493,0.18885004370083655,0.04530059932575852,0.014884296832729845,0.0033920173138552463
e30_huber_0075_blend_w75,30,static_blend,test,442008,0.06364979868948148,0.06370880166125507,0.04202399711378438,0.09509442412165159,0.1409055973141434,0.19281342868484724,0.3477005328883523,0.18463240484335125,0.04556252375522615,0.015289316030479087,0.0034727878228448354
e30_huber_0075_blend_w75,30,static_blend,recent_holdout,209468,0.06696720298372649,0.0673756227498072,0.04426562774985778,0.10001574282101001,0.14764245319720204,0.20147072940970948,0.3637096860162886,0.20005919758626617,0.050876506196650566,0.017611281914182597,0.0040578990585674185
e30_huber_0075_gate_resid_expected_abs_pct_error_q50,30,risk_gate,valid,384432,0.0648746660401693,0.06531812992199744,0.04366090324782819,0.09744447390093572,0.14238033307092063,0.19317573234086494,0.3464005161267787,0.19183366629208806,0.04570899404836226,0.015144420859865984,0.0033451949889707414
e30_huber_0075_gate_resid_expected_abs_pct_error_q50,30,risk_gate,test,442008,0.06354084663540119,0.06368335148297627,0.041942189465105806,0.09510498435297378,0.1408806390711765,0.19263335565975592,0.3471018028500374,0.1846256176358799,0.0457706647843478,0.015133210258637854,0.0034660006153734773
e30_huber_0075_gate_resid_expected_abs_pct_error_q50,30,risk_gate,recent_holdout,209468,0.06684603435059745,0.06730178245093318,0.044199424564695916,0.09994603840756898,0.14751990827311579,0.20132632606805187,0.362349315042589,0.19979185364828994,0.05070941623541543,0.01738690396623828,0.004072221055244715
e30_huber_0075_gate_resid_expected_abs_pct_error_q70,30,risk_gate,valid,384432,0.06491877812978582,0.06533315611196142,0.04362106609486194,0.09750068077412197,0.14273538240603426,0.1935762472166533,0.3477572088392733,0.1920599741956965,0.04607056644608149,0.01528748907479086,0.0034076247554834147
e30_huber_0075_gate_resid_expected_abs_pct_error_q70,30,risk_gate,test,442008,0.06351523932159071,0.0636410899441381,0.04192349620929858,0.09506112496994286,0.14080757690742854,0.19242450771159506,0.3465605778303397,0.18448082387649092,0.04560550940254475,0.015112848636223778,0.003461475810392572
e30_huber_0075_gate_resid_expected_abs_pct_error_q70,30,risk_gate,recent_holdout,209468,0.06689491665146702,0.06742306109667016,0.04421385797276722,0.09998348024317945,0.14776221083605154,0.20196324064348348,0.3644286540843398,0.1999780396050948,0.05115817213130407,0.01763515190864476,0.004162927034200928
e30_huber_0075_gate_resid_expected_abs_pct_error_q85,30,risk_gate,valid,384432,0.06427924228214091,0.06478328941438784,0.04307466486710666,0.09695305944744426,0.14225686670941565,0.192931119483052,0.34663302522124007,0.1903353518957839,0.0457402089316186,0.015071586132267865,0.003472655762267449
e30_huber_0075_gate_resid_expected_abs_pct_error_q85,30,risk_gate,test,442008,0.06358782585922257,0.06374948985608864,0.04192075475712688,0.09519204698885879,0.14106538878955566,0.19315958063764063,0.3486491052300678,0.1850079636567664,0.04599916743588351,0.015350400897721309,0.003513511067672983
e30_huber_0075_gate_resid_expected_abs_pct_error_q85,30,risk_gate,recent_holdout,209468,0.06689336401435095,0.06741443633575202,0.04422405708424583,0.09998097741299837,0.1477861435084987,0.2019100256506051,0.3643457034241892,0.19995894360952507,0.05109611014570244,0.017587411919720436,0.004153379036416063
e30_huber_0075_gate_best_resid_abs_pct_mean_q50,30,risk_gate,valid,384432,0.0648746660401693,0.06531812992199744,0.04366090324782819,0.09744447390093572,0.14238033307092063,0.19317573234086494,0.3464005161267787,0.19183366629208806,0.04570899404836226,0.015144420859865984,0.0033451949889707414
e30_huber_0075_gate_best_resid_abs_pct_mean_q50,30,risk_gate,test,442008,0.06354084663540119,0.06368335148297627,0.041942189465105806,0.09510498435297378,0.1408806390711765,0.19263335565975592,0.3471018028500374,0.1846256176358799,0.0457706647843478,0.015133210258637854,0.0034660006153734773
e30_huber_0075_gate_best_resid_abs_pct_mean_q50,30,risk_gate,recent_holdout,209468,0.06684603435059745,0.06730178245093318,0.044199424564695916,0.09994603840756898,0.14751990827311579,0.20132632606805187,0.362349315042589,0.19979185364828994,0.05070941623541543,0.01738690396623828,0.004072221055244715
e30_huber_0075_gate_best_resid_abs_pct_mean_q70,30,risk_gate,valid,384432,0.06491877812978582,0.06533315611196142,0.04362106609486194,0.09750068077412197,0.14273538240603426,0.1935762472166533,0.3477572088392733,0.1920599741956965,0.04607056644608149,0.01528748907479086,0.0034076247554834147
e30_huber_0075_gate_best_resid_abs_pct_mean_q70,30,risk_gate,test,442008,0.06351523932159071,0.0636410899441381,0.04192349620929858,0.09506112496994286,0.14080757690742854,0.19242450771159506,0.3465605778303397,0.18448082387649092,0.04560550940254475,0.015112848636223778,0.003461475810392572
e30_huber_0075_gate_best_resid_abs_pct_mean_q70,30,risk_gate,recent_holdout,209468,0.06689491665146702,0.06742306109667016,0.04421385797276722,0.09998348024317945,0.14776221083605154,0.20196324064348348,0.3644286540843398,0.1999780396050948,0.05115817213130407,0.01763515190864476,0.004162927034200928
e30_huber_0075_gate_best_resid_abs_pct_mean_q85,30,risk_gate,valid,384432,0.06427924228214091,0.06478328941438784,0.04307466486710666,0.09695305944744426,0.14225686670941565,0.192931119483052,0.34663302522124007,0.1903353518957839,0.0457402089316186,0.015071586132267865,0.003472655762267449
e30_huber_0075_gate_best_resid_abs_pct_mean_q85,30,risk_gate,test,442008,0.06358782585922257,0.06374948985608864,0.04192075475712688,0.09519204698885879,0.14106538878955566,0.19315958063764063,0.3486491052300678,0.1850079636567664,0.04599916743588351,0.015350400897721309,0.003513511067672983
e30_huber_0075_gate_best_resid_abs_pct_mean_q85,30,risk_gate,recent_holdout,209468,0.06689336401435095,0.06741443633575202,0.04422405708424583,0.09998097741299837,0.1477861435084987,0.2019100256506051,0.3643457034241892,0.19995894360952507,0.05109611014570244,0.017587411919720436,0.004153379036416063
e30_huber_0075_gate_complex_resid_abs_pct_mean_q50,30,risk_gate,valid,384432,0.06462424739114458,0.064960454294754,0.043560677425453456,0.09707278579045522,0.14170816735347722,0.1919491403630232,0.3420990502147375,0.19048882507179424,0.04504307653889374,0.014730823656719523,0.0032671577808298996
e30_huber_0075_gate_complex_resid_abs_pct_mean_q50,30,risk_gate,test,442008,0.06425330296290362,0.06423270037090525,0.042402688467734,0.09579431114706248,0.14177325098381588,0.19330457387283914,0.3473339909504085,0.18678621201426218,0.04601047944833578,0.01525085518814139,0.003321206855984507
e30_huber_0075_gate_complex_resid_abs_pct_mean_q50,30,risk_gate,recent_holdout,209468,0.06751365205371812,0.06771690663816571,0.044595811625460904,0.10085173913490635,0.14868602435789835,0.2022098457802224,0.36415965784921644,0.2025798690014704,0.05125365210915271,0.01772585788760097,0.003919453090686883
e30_huber_0075_gate_complex_resid_abs_pct_mean_q70,30,risk_gate,valid,384432,0.06454425255102943,0.06488562769054039,0.04341755923115555,0.09710953247925234,0.1419380271699957,0.19222600919149987,0.34236869349208704,0.19069432305323178,0.04531880800765805,0.014845278228659425,0.003282765222458068
e30_huber_0075_gate_complex_resid_abs_pct_mean_q70,30,risk_gate,test,442008,0.06409345375791532,0.06414168384161019,0.04222450281717267,0.09566571974280959,0.1417531800080041,0.1934618289803291,0.347938209672393,0.18634956833360483,0.046087401133011165,0.01530967765289316,0.0033664549057935604
e30_huber_0075_gate_complex_resid_abs_pct_mean_q70,30,risk_gate,recent_holdout,209468,0.0673353193476703,0.06761552701918318,0.04443552757374656,0.10054722360607879,0.1485020322909173,0.2022098457802224,0.36492074449840306,0.20158210323295206,0.051234556113582984,0.017764049878740428,0.003957645081826341
e30_huber_0075_gate_complex_resid_abs_pct_mean_q85,30,risk_gate,valid,384432,0.06443093489640454,0.06484595871637865,0.04325525666556855,0.09706750584283264,0.14214959555623924,0.19252633403604646,0.34364629108170697,0.19059027344237733,0.04557633079452283,0.014951929079785242,0.003303575144628959
e30_huber_0075_gate_complex_resid_abs_pct_mean_q85,30,risk_gate,test,442008,0.06393807428790374,0.06405772924929351,0.042073058367761165,0.09550901090157428,0.14157820200866456,0.19342011301475287,0.34862215848410105,0.1860599808148269,0.046116812365387054,0.015397911350020815,0.0033936037356789924
e30_huber_0075_gate_complex_resid_abs_pct_mean_q85,30,risk_gate,recent_holdout,209468,0.06721530145842404,0.06756224219713056,0.04437445773740083,0.10041509299159293,0.14831057522172217,0.20236323499575717,0.36519663498020966,0.201161991330418,0.051325262092539195,0.017840433861019345,0.004038803062997689
e30_huber_0075_gate_sgg_resid_abs_pct_mean_q50,30,risk_gate,valid,384432,0.06491358017967097,0.06527508934529716,0.04378855688294919,0.09742958611358503,0.14225981347727795,0.19279637940968694,0.344694006574853,0.1916437757522787,0.045612748158321885,0.01504297248928289,0.003277562741915345
e30_huber_0075_gate_sgg_resid_abs_pct_mean_q50,30,risk_gate,test,442008,0.06406743348708134,0.06415200623638871,0.04230612950047537,0.0956039146451709,0.14149825289408188,0.19327841646300034,0.34833215374296633,0.1861889377567827,0.0460331034732403,0.015282528823007728,0.0034456389929594035
e30_huber_0075_gate_sgg_resid_abs_pct_mean_q50,30,risk_gate,recent_holdout,209468,0.06707519821818253,0.06749133315847855,0.04432741262818088,0.10019698561272575,0.14797283049709628,0.20177434570454786,0.3635289531963404,0.2005795634655413,0.050943342181144616,0.017611281914182597,0.004048351060782554
e30_huber_0075_gate_sgg_resid_abs_pct_mean_q70,30,risk_gate,valid,384432,0.06473287242152351,0.0651622568942368,0.04347094150564272,0.09737864359075445,0.14247736866130048,0.19302602810560024,0.34650207853969295,0.1915423273816956,0.045737607691347236,0.015162629541765513,0.00334259374869938
e30_huber_0075_gate_sgg_resid_abs_pct_mean_q70,30,risk_gate,test,442008,0.06369458075286208,0.06383263682279557,0.042044306809140314,0.09518438725288736,0.14088148574902865,0.1926842826260652,0.34713850852499734,0.18495140359450507,0.04566885667227742,0.015158096686032832,0.0034546886029212143
e30_huber_0075_gate_sgg_resid_abs_pct_mean_q70,30,risk_gate,recent_holdout,209468,0.06705145821736244,0.06751270761450198,0.044300249488173696,0.10018143847617737,0.14802830792922575,0.20189673122659296,0.3643084290768711,0.20051272748104723,0.0510149521645311,0.017611281914182597,0.004105639047491741
e30_huber_0075_gate_sgg_resid_abs_pct_mean_q85,30,risk_gate,valid,384432,0.06450733408801687,0.06500864921705585,0.0432668014341919,0.09713057691694756,0.1422614833956679,0.1927635774074519,0.3466819706498574,0.1909154284762975,0.045612748158321885,0.015131414658509177,0.0034076247554834147
e30_huber_0075_gate_sgg_resid_abs_pct_mean_q85,30,risk_gate,test,442008,0.06368824441580817,0.06390319664058688,0.04198368086387104,0.09527320008101345,0.1411488560356779,0.19310182329694128,0.34881069420643296,0.18521610468588803,0.04592450815369858,0.01534361369024995,0.0035067238602016254
e30_huber_0075_gate_sgg_resid_abs_pct_mean_q85,30,risk_gate,recent_holdout,209468,0.06691188029027272,0.06744825807452397,0.044227306969301924,0.10002132920050136,0.14785998479220944,0.20201412578283892,0.36494203215512616,0.20007829358183588,0.0511629461301965,0.017630377909752325,0.004182023029770657
e30_huber_0075_gate_complex_resid_error_gt_20_rate_q50,30,risk_gate,valid,384432,0.06455460081444413,0.06492706301787345,0.04352552391803502,0.09697220743763131,0.1415621398073675,0.1916470877007031,0.3416009574255293,0.19021829608357266,0.045011861655637406,0.014756836059433138,0.003277562741915345
e30_huber_0075_gate_complex_resid_error_gt_20_rate_q50,30,risk_gate,test,442008,0.06433254240284947,0.06431595157749512,0.042561296337790794,0.09585861557057958,0.14184086553006697,0.1932928000453529,0.3464959442391515,0.18701471466579792,0.04601274185082623,0.015212394345803695,0.0033528804908508443
e30_huber_0075_gate_complex_resid_error_gt_20_rate_q50,30,risk_gate,recent_holdout,209468,0.06755196191739236,0.06777268452965211,0.04468935269205653,0.10082394962590499,0.14863340423593838,0.20222499078148962,0.363996050702617,0.20250825901808392,0.05121546011801325,0.017716309889816106,0.00397674107739607
e30_huber_0075_gate_complex_resid_error_gt_20_rate_q70,30,risk_gate,valid,384432,0.06449293984133347,0.06488154770554531,0.04341613746323769,0.09701521460660104,0.14184430711327212,0.19202679467607012,0.3425732946810677,0.19044200274690973,0.04526678320223082,0.014858284430016232,0.0032983726640862365
e30_huber_0075_gate_complex_resid_error_gt_20_rate_q70,30,risk_gate,test,442008,0.06409136717614553,0.06414793054196632,0.042259501286607694,0.09569311021429695,0.1416787981969377,0.19330971332952024,0.34765015891244966,0.18644911404318473,0.046067039510597096,0.015280266420517276,0.003373242113264918
e30_huber_0075_gate_complex_resid_error_gt_20_rate_q70,30,risk_gate,recent_holdout,209468,0.06732760494275285,0.06762816089420219,0.044456353490134465,0.10054167240961527,0.1483251510042065,0.20233375778133023,0.36456336763695346,0.2015582332384899,0.05124887811026028,0.017764049878740428,0.004010159069643096
e30_huber_0075_gate_complex_resid_error_gt_20_rate_q85,30,risk_gate,valid,384432,0.06439109172159252,0.0648231012233862,0.04321132700093165,0.09699536747025014,0.14204761348722708,0.1924985571430808,0.34333915694988376,0.19039518042202522,0.04549829358638199,0.014946726599242519,0.003334790027885296
e30_huber_0075_gate_complex_resid_error_gt_20_rate_q85,30,risk_gate,test,442008,0.06393213794990542,0.06405584910064635,0.042101665919206915,0.09553644477354417,0.14160044464857327,0.19341689975076504,0.3483700909264564,0.18609165444969322,0.04608513873052072,0.015391124142549456,0.0034117029556026135
e30_huber_0075_gate_complex_resid_error_gt_20_rate_q85,30,risk_gate,recent_holdout,209468,0.06719796689858965,0.06756009082053974,0.04437237418468144,0.1004332153651399,0.14823328476158346,0.2025367827450808,0.36460379776201807,0.20120018332155748,0.051358680084786223,0.017768823877632862,0.00406267305745985
e30_huber_0075_gate_sgg_resid_error_gt_20_rate_q50,30,risk_gate,valid,384432,0.06496130353505035,0.06530554849154521,0.04382146830732264,0.0974427591488195,0.14225579438655828,0.19276658475549713,0.34479762727322627,0.19163337079119325,0.04559714071669372,0.015128813418237816,0.0032801639821867065
e30_huber_0075_gate_sgg_resid_error_gt_20_rate_q50,30,risk_gate,test,442008,0.06438250497950927,0.06444023583076669,0.04253264979699144,0.0959403573230819,0.14195852155492855,0.1940466434746994,0.3501383448935275,0.18729072776963313,0.04646069754393586,0.015576641146766575,0.0034908870427684566
e30_huber_0075_gate_sgg_resid_error_gt_20_rate_q50,30,risk_gate,recent_holdout,209468,0.06723134199577618,0.06763316930248614,0.04441340348144662,0.10036180725113662,0.14816862284545756,0.20218532629010277,0.3649614751372667,0.20108083334924667,0.051201138121335955,0.017764049878740428,0.004076995054137148
e30_huber_0075_gate_sgg_resid_error_gt_20_rate_q70,30,risk_gate,valid,384432,0.06491615681707041,0.06533199557380062,0.04368596099805156,0.0975699557974804,0.14260574190792297,0.19321346403755757,0.34723989487007795,0.19211199900112375,0.045901485828443,0.015321305198318558,0.003355599950056187
e30_huber_0075_gate_sgg_resid_error_gt_20_rate_q70,30,risk_gate,test,442008,0.06421790707393672,0.06429876310259611,0.04238278960220147,0.09582397359236429,0.14185146095856171,0.1940152831941006,0.3500812530789309,0.1868767081138803,0.04637698865178911,0.015531393096957521,0.003513511067672983
e30_huber_0075_gate_sgg_resid_error_gt_20_rate_q70,30,risk_gate,recent_holdout,209468,0.067108371838044,0.06755633261986214,0.044304328618983466,0.10021712196713554,0.1481570397959674,0.20212279001867248,0.36559383095576,0.20064639945003532,0.051201138121335955,0.01778791987320259,0.004162927034200928
e30_huber_0075_gate_sgg_resid_error_gt_20_rate_q85,30,risk_gate,valid,384432,0.06470071322560293,0.06516766590237491,0.04340519339983166,0.09736670775740315,0.14262862587107217,0.1934772495874892,0.3484500330742996,0.1915943521871228,0.046034149082282434,0.015414949848087568,0.0034440421192824737
e30_huber_0075_gate_sgg_resid_error_gt_20_rate_q85,30,risk_gate,test,442008,0.06367161404545703,0.06387926918059883,0.04196611301572642,0.09526748554837101,0.14121289189725947,0.19317641205475428,0.3492167156419338,0.18527266474814935,0.045985593020940796,0.01535945050768312,0.0035338726900870573
e30_huber_0075_gate_sgg_resid_error_gt_20_rate_q85,30,risk_gate,recent_holdout,209468,0.06692648320674441,0.06747486276742712,0.044243085219179745,0.10004039631661611,0.14795441350846603,0.2020203670951641,0.36500452470314076,0.20013558156854508,0.05117249412798136,0.017668569900891783,0.004186797028663089
e30_huber_0075_gate_complex_resid_confidence_q30,30,confidence_gate,valid,384432,0.06470443007997664,0.06499743969887142,0.04346502533737322,0.09724903858204666,0.1422138850321895,0.19258458856378,0.34277990824742377,0.191178153743705,0.04551390102801015,0.01489210055354393,0.0032073292545885877
e30_huber_0075_gate_complex_resid_confidence_q30,30,confidence_gate,test,442008,0.06435932667852017,0.06441749346842397,0.0423683067796841,0.096025365982431,0.14213698925105658,0.1940850642692751,0.3479984312866567,0.1875033936037357,0.04652630721615898,0.01540243615500172,0.0033641925033031077
e30_huber_0075_gate_complex_resid_confidence_q30,30,confidence_gate,recent_holdout,209468,0.0675917494258466,0.06784292017101946,0.044540179041841065,0.10085723269260237,0.14889480762355137,0.20300541501538447,0.3659856076081783,0.2025989649970401,0.05168331200947161,0.018060037810071226,0.003952871082933909
e30_huber_0075_gate_complex_resid_confidence_q50,30,confidence_gate,valid,384432,0.06475857614719736,0.06500771364637103,0.04360286839290646,0.09720684562241871,0.14190548726240726,0.19216872362144588,0.3421066531305206,0.1908139801057144,0.045199150955175425,0.014775044741332668,0.003202126774045865
e30_huber_0075_gate_complex_resid_confidence_q50,30,confidence_gate,test,442008,0.06454568654283131,0.06453959276296203,0.042627520656279255,0.0961619684487349,0.14213369508306925,0.19397246318352587,0.3474874969266088,0.1879807605292212,0.04639961267669363,0.015330039275307234,0.003348355685869939
e30_huber_0075_gate_complex_resid_confidence_q50,30,confidence_gate,recent_holdout,209468,0.06773972813748318,0.06792660980435503,0.04469114278916787,0.10105770618853623,0.1490411634289702,0.2029648637621478,0.3655703996623045,0.20334370882425956,0.05163557202054729,0.018017071820039338,0.00391467909179445
e30_huber_0075_gate_complex_resid_confidence_q70,30,confidence_gate,valid,384432,0.06476398390299312,0.06500719942990009,0.04372656084738252,0.09710650817960312,0.14152616820622824,0.1916191474472973,0.34123580326547565,0.19044460398718108,0.04494422940858201,0.014652786448578682,0.0031787156116036127
e30_huber_0075_gate_complex_resid_confidence_q70,30,confidence_gate,test,442008,0.0647308737901489,0.06466352014238504,0.04287805923886756,0.09626324375189947,0.14210755712580522,0.19384662207416561,0.3463487574501182,0.18829749687788455,0.04634757741941322,0.01523275596821777,0.003327994063455865
e30_huber_0075_gate_complex_resid_confidence_q70,30,confidence_gate,recent_holdout,209468,0.06790388145197193,0.0680273261227174,0.04492927631801607,0.10118546031934224,0.14918295644840068,0.2027279503520853,0.36535706420385466,0.20378769072125574,0.051473256058204596,0.017955009834437718,0.003929001088471748
e30_huber_0075_gate_sgg_resid_confidence_q30,30,confidence_gate,valid,384432,0.06497056446905775,0.06541299885212001,0.04368719119549219,0.09753072180221785,0.14288010191860265,0.19362693790028254,0.34797436117758823,0.19195072210429934,0.04609137636825238,0.015378532484288509,0.0033998210346693303
e30_huber_0075_gate_sgg_resid_confidence_q30,30,confidence_gate,test,442008,0.06391820923865779,0.06413560779859641,0.04213075204702335,0.09540049294173407,0.14149287605149494,0.1936784868860511,0.35028293027617574,0.18576813089355848,0.0462435069048524,0.015447684204810772,0.0035316102875966046
e30_huber_0075_gate_sgg_resid_confidence_q30,30,confidence_gate,recent_holdout,209468,0.06706282213170552,0.06759788910424896,0.04437931925974145,0.10018606278394043,0.14810435684017628,0.20211816117784911,0.3648363789672847,0.2005365974755094,0.05133003609143163,0.0177449538831707,0.004186797028663089
e30_huber_0075_gate_sgg_resid_confidence_q50,30,confidence_gate,valid,384432,0.06506303329972943,0.06542720484140421,0.043876935898491384,0.09754456028748207,0.14249881878327345,0.19308276134886468,0.34621054144901464,0.19195072210429934,0.04585726474382986,0.015214654347192741,0.003308777625171682
e30_huber_0075_gate_sgg_resid_confidence_q50,30,confidence_gate,test,442008,0.06455356126153462,0.06465257241021066,0.042711424104527745,0.09609730917584954,0.14216162454191705,0.19447098704428015,0.351021263710342,0.18777714430508044,0.04673218584279017,0.015714647698684185,0.003511248665182531
e30_huber_0075_gate_sgg_resid_confidence_q50,30,confidence_gate,recent_holdout,209468,0.0671939541871073,0.06765504739962608,0.04445801249071568,0.10032001748258428,0.14820655529359267,0.20215551391208111,0.3649381547125845,0.20094238738136613,0.051325262092539195,0.017773597876525292,0.004148605037523631
e30_huber_0075_gate_sgg_resid_confidence_q70,30,confidence_gate,valid,384432,0.06495292523306734,0.06529421893723229,0.043853853012027974,0.09723201418355477,0.14195610493403482,0.19252308107970734,0.34446765524541734,0.19088681483331252,0.04542806009905523,0.015016960086569275,0.003274961501643984
e30_huber_0075_gate_sgg_resid_confidence_q70,30,confidence_gate,test,442008,0.06484943605478423,0.06481766114571336,0.04300827299829017,0.09636958511372437,0.14237267743871115,0.194486876679914,0.3502760471653468,0.18856672277424844,0.04673218584279017,0.015610577184123365,0.0034546886029212143
e30_huber_0075_gate_sgg_resid_confidence_q70,30,confidence_gate,recent_holdout,209468,0.06757311608242178,0.06791653546252491,0.044687837275806504,0.10078521629655388,0.14873639221446547,0.20275493984497603,0.3672371039320785,0.20230297706570932,0.05169286000725648,0.01791204384440583,0.004143831038631199
e30_huber_010_blend_w25,30,static_blend,valid,384432,0.06423002118221359,0.06452990084448906,0.0431928897790296,0.0963774247275497,0.14086176016900082,0.191226397697271,0.3414234625678624,0.18812169642485538,0.04473873142714446,0.014530528155824698,0.003256752819744454
e30_huber_010_blend_w25,30,static_blend,test,442008,0.06410050611392937,0.06401427390994113,0.04250338887697394,0.09527266427122633,0.14085194583106236,0.19246281824336092,0.3456466971642463,0.18497629002190005,0.045521800510398,0.015108323831242873,0.003375504515755371
e30_huber_010_blend_w25,30,static_blend,recent_holdout,209468,0.06742849487852459,0.06757288733025166,0.04474875380216954,0.10038404067899814,0.14781720107443794,0.20112903463535156,0.362944734107884,0.20114289533484828,0.050704642236523004,0.0174346439551626,0.0039099050929020185
e30_huber_010_blend_w50,30,static_blend,valid,384432,0.06392421148044826,0.06428337150791384,0.04286773206274666,0.09610292003204529,0.14071718302233968,0.1912717236361202,0.3437716695305575,0.18720345860906482,0.044655491738460895,0.014639780247221875,0.003376409872227078
e30_huber_010_blend_w50,30,static_blend,test,442008,0.06352193464480267,0.06351346888484925,0.04194606267946259,0.09468066474155701,0.14012204696980335,0.19186167433858214,0.34517013041088257,0.1833247362038696,0.04532723389621907,0.01509701181879061,0.003447901395449856
e30_huber_010_blend_w50,30,static_blend,recent_holdout,209468,0.06684489932779614,0.06714417683714435,0.044108329175492414,0.09952073088208836,0.14702455214882978,0.20095771092613915,0.3617823794736946,0.19844081196173163,0.05067599824316841,0.017353485973991254,0.0040006110718582314
e30_huber_010_blend_w75,30,static_blend,valid,384432,0.06391687920436145,0.06436204110484325,0.04271467023860716,0.0962194582380374,0.1412943740812374,0.19224362655249727,0.3468178489443869,0.1875806384484122,0.04523036583843176,0.015027365047654721,0.003519478087151954
e30_huber_010_blend_w75,30,static_blend,test,442008,0.06324298316912946,0.06334113350213277,0.04162347360511989,0.09445424298421476,0.14003356803292016,0.19213661467525023,0.3475358261752054,0.18279533402110368,0.0454788148630794,0.01527574161553637,0.0035338726900870573
e30_huber_010_blend_w75,30,static_blend,recent_holdout,209468,0.06655530068113925,0.06700931263658944,0.04387400033586029,0.09935021371738659,0.1469490266197891,0.2012918556053704,0.36398225049342764,0.19809231004258407,0.0507189642332003,0.017530123933011246,0.004153379036416063
e30_huber_010_gate_resid_expected_abs_pct_error_q50,30,risk_gate,valid,384432,0.06496293447664926,0.06538423669771186,0.043607377938815264,0.09743566742629987,0.14266101164072495,0.19402105870946884,0.3485876702773418,0.19182066009073126,0.04610958505015191,0.015427956049444375,0.0034050235152120532
e30_huber_010_gate_resid_expected_abs_pct_error_q50,30,risk_gate,test,442008,0.06318922648155616,0.06340132302671234,0.041636013548591214,0.09449932289679573,0.14014693157305316,0.1922457094393302,0.34712156818331275,0.1827613979837469,0.04556252375522615,0.015237280773198676,0.0035497095075202258
e30_huber_010_gate_resid_expected_abs_pct_error_q50,30,risk_gate,recent_holdout,209468,0.0664737211117636,0.067002843088923,0.04376240491283272,0.09943819776714821,0.14661599536492767,0.2009838170558167,0.3644352282827809,0.19823553000935704,0.050537552275287875,0.01742986995627017,0.004186797028663089
e30_huber_010_gate_resid_expected_abs_pct_error_q70,30,risk_gate,valid,384432,0.06504541081227372,0.06541305320757493,0.04354763276071788,0.09749862415706495,0.14307257901002823,0.19473205587661835,0.35089383648567835,0.1921406126441087,0.046598618221167856,0.0156958837973946,0.0035142756066092315
e30_huber_010_gate_resid_expected_abs_pct_error_q70,30,risk_gate,test,442008,0.0631752552884061,0.06336011854033032,0.041615904481247495,0.09444807421288029,0.14005349753447635,0.19216522941779082,0.3465806611038967,0.18261207941937702,0.04545166603319397,0.015214656748294149,0.003547447105029773
e30_huber_010_gate_resid_expected_abs_pct_error_q70,30,risk_gate,recent_holdout,209468,0.06657039198820998,0.067179221479062,0.04378094779654171,0.0995382376641874,0.1469837039113881,0.20180907849236576,0.36681156418216737,0.19863177191742892,0.05103404816010083,0.01774972788206313,0.004310920999866328
e30_huber_010_gate_resid_expected_abs_pct_error_q85,30,risk_gate,valid,384432,0.06426300229772662,0.06479461879075434,0.04292348998484138,0.09687771840894069,0.1423407356819401,0.19399678340374424,0.3501299461452791,0.1901818787197736,0.04626305822616224,0.01543575977025846,0.003641736379905939
e30_huber_010_gate_resid_expected_abs_pct_error_q85,30,risk_gate,test,442008,0.06330635509776941,0.0635220438915407,0.041599404726186034,0.09463872022526212,0.14047364848927346,0.19308357973294069,0.34952006696191673,0.1833450978262837,0.046015004253316685,0.015535917901938427,0.003624368789705164
e30_huber_010_gate_resid_expected_abs_pct_error_q85,30,risk_gate,recent_holdout,209468,0.06658627826217578,0.06717908182610853,0.043793775209774774,0.09954531158313178,0.14711843883279874,0.2018438524396119,0.36674317996352584,0.19866996390856836,0.05105791815456299,0.017764049878740428,0.004310920999866328
e30_huber_010_gate_best_resid_abs_pct_mean_q50,30,risk_gate,valid,384432,0.06496293447664926,0.06538423669771186,0.043607377938815264,0.09743566742629987,0.14266101164072495,0.19402105870946884,0.3485876702773418,0.19182066009073126,0.04610958505015191,0.015427956049444375,0.0034050235152120532
e30_huber_010_gate_best_resid_abs_pct_mean_q50,30,risk_gate,test,442008,0.06318922648155616,0.06340132302671234,0.041636013548591214,0.09449932289679573,0.14014693157305316,0.1922457094393302,0.34712156818331275,0.1827613979837469,0.04556252375522615,0.015237280773198676,0.0035497095075202258
e30_huber_010_gate_best_resid_abs_pct_mean_q50,30,risk_gate,recent_holdout,209468,0.0664737211117636,0.067002843088923,0.04376240491283272,0.09943819776714821,0.14661599536492767,0.2009838170558167,0.3644352282827809,0.19823553000935704,0.050537552275287875,0.01742986995627017,0.004186797028663089
e30_huber_010_gate_best_resid_abs_pct_mean_q70,30,risk_gate,valid,384432,0.06504541081227372,0.06541305320757493,0.04354763276071788,0.09749862415706495,0.14307257901002823,0.19473205587661835,0.35089383648567835,0.1921406126441087,0.046598618221167856,0.0156958837973946,0.0035142756066092315
e30_huber_010_gate_best_resid_abs_pct_mean_q70,30,risk_gate,test,442008,0.0631752552884061,0.06336011854033032,0.041615904481247495,0.09444807421288029,0.14005349753447635,0.19216522941779082,0.3465806611038967,0.18261207941937702,0.04545166603319397,0.015214656748294149,0.003547447105029773
e30_huber_010_gate_best_resid_abs_pct_mean_q70,30,risk_gate,recent_holdout,209468,0.06657039198820998,0.067179221479062,0.04378094779654171,0.0995382376641874,0.1469837039113881,0.20180907849236576,0.36681156418216737,0.19863177191742892,0.05103404816010083,0.01774972788206313,0.004310920999866328
e30_huber_010_gate_best_resid_abs_pct_mean_q85,30,risk_gate,valid,384432,0.06426300229772662,0.06479461879075434,0.04292348998484138,0.09687771840894069,0.1423407356819401,0.19399678340374424,0.3501299461452791,0.1901818787197736,0.04626305822616224,0.01543575977025846,0.003641736379905939
e30_huber_010_gate_best_resid_abs_pct_mean_q85,30,risk_gate,test,442008,0.06330635509776941,0.0635220438915407,0.041599404726186034,0.09463872022526212,0.14047364848927346,0.19308357973294069,0.34952006696191673,0.1833450978262837,0.046015004253316685,0.015535917901938427,0.003624368789705164
e30_huber_010_gate_best_resid_abs_pct_mean_q85,30,risk_gate,recent_holdout,209468,0.06658627826217578,0.06717908182610853,0.043793775209774774,0.09954531158313178,0.14711843883279874,0.2018438524396119,0.36674317996352584,0.19866996390856836,0.05105791815456299,0.017764049878740428,0.004310920999866328
e30_huber_010_gate_complex_resid_abs_pct_mean_q50,30,risk_gate,valid,384432,0.06461560346954091,0.06491418984606019,0.043492005893935315,0.09712884573885133,0.14168661982703484,0.1921167699879321,0.342780020740004,0.19053304615640737,0.045076892662421444,0.014795854663503558,0.0032853664627294295
e30_huber_010_gate_complex_resid_abs_pct_mean_q50,30,risk_gate,test,442008,0.06415621537171128,0.06411701529076273,0.042285611441983395,0.09559747802905849,0.1415305301006785,0.19323000796288217,0.34842471900720146,0.18630658268628622,0.046015004253316685,0.01530062804293135,0.003361930100812655
e30_huber_010_gate_complex_resid_abs_pct_mean_q50,30,risk_gate,recent_holdout,209468,0.06741501702217942,0.06759714355657086,0.044392595858469774,0.10073492632700287,0.14824065139278766,0.20273099763280844,0.365028330986083,0.20221704508564553,0.051482804055989456,0.01785475585769664,0.003948097084041476
e30_huber_010_gate_complex_resid_abs_pct_mean_q70,30,risk_gate,valid,384432,0.06456491896480097,0.06485800771769443,0.04333589427101729,0.09718936845319705,0.142006239050045,0.19266328731005325,0.3432223191512317,0.19089982103466932,0.04544887002122612,0.014959732800599326,0.0033191825862571274
e30_huber_010_gate_complex_resid_abs_pct_mean_q70,30,risk_gate,test,442008,0.06399340834775617,0.06401409971015252,0.042076280846959614,0.09543372042755593,0.1415523650606551,0.19343606498601712,0.34891418749710007,0.18589935023800475,0.046116812365387054,0.01541148576496353,0.003409440553112161
e30_huber_010_gate_complex_resid_abs_pct_mean_q70,30,risk_gate,recent_holdout,209468,0.06721133024913217,0.06746669887004768,0.044172715446085115,0.100396124114156,0.14809418739751856,0.20281264550688802,0.36617284264487454,0.20128611530162124,0.05148757805488189,0.017931139839975557,0.004019707067427961
e30_huber_010_gate_complex_resid_abs_pct_mean_q85,30,risk_gate,valid,384432,0.06445124790380322,0.06482117234391035,0.043137227666462774,0.09708579876155755,0.14225640073851478,0.1933214855877732,0.3448541418587608,0.1906787156116036,0.04587027094518666,0.015108003496066925,0.0033582011903275483
e30_huber_010_gate_complex_resid_abs_pct_mean_q85,30,risk_gate,test,442008,0.06380961267018954,0.06390666293226509,0.041874663763973856,0.09517008714542045,0.14136732170450378,0.19362155405715517,0.34985469105031974,0.18518216864853124,0.04626839333224738,0.015506506669562542,0.003447901395449856
e30_huber_010_gate_complex_resid_abs_pct_mean_q85,30,risk_gate,recent_holdout,209468,0.06708041692996841,0.0674040873275152,0.04403641615287263,0.1001817163799405,0.14794452249620493,0.20301674746185722,0.36867579357828756,0.20060343346000345,0.051640346019439724,0.018112551797887982,0.004105639047491741
e30_huber_010_gate_sgg_resid_abs_pct_mean_q50,30,risk_gate,valid,384432,0.06499884542111618,0.06530545941157034,0.043748167494941426,0.09737326932054743,0.1424813671742684,0.19332206336283767,0.3466776532119563,0.19155273234278103,0.04577922753568902,0.015243267990177717,0.0033113788654430434
e30_huber_010_gate_sgg_resid_abs_pct_mean_q50,30,risk_gate,test,442008,0.06392881394398234,0.06401423960758269,0.042133246039155484,0.0952641164407989,0.14116277504767494,0.19326217504366586,0.34907900909323514,0.18536316084776747,0.04609192593799207,0.015330039275307234,0.003495411847749362
e30_huber_010_gate_sgg_resid_abs_pct_mean_q50,30,risk_gate,recent_holdout,209468,0.06678908208779571,0.06724546491975425,0.04394781031765362,0.09982451441583089,0.14725275851847552,0.20159875529171814,0.36564323300398505,0.1994003857391105,0.050838314205511104,0.017711535890923672,0.004143831038631199
e30_huber_010_gate_sgg_resid_abs_pct_mean_q70,30,risk_gate,valid,384432,0.06485067207678244,0.06523694127947445,0.04340519717890187,0.09741964099342458,0.14274443044758225,0.19398824490097719,0.34923303499474245,0.19179985016856038,0.04610438256960919,0.015453968452157988,0.003431035917925667
e30_huber_010_gate_sgg_resid_abs_pct_mean_q70,30,risk_gate,test,442008,0.06341392523929246,0.06358518757527301,0.04179781466833854,0.09471524928111062,0.14022615124997992,0.19248721443029163,0.3469064396796649,0.18352382762302943,0.04554894934028343,0.015146784673580568,0.0035248230801252466
e30_huber_010_gate_sgg_resid_abs_pct_mean_q70,30,risk_gate,recent_holdout,209468,0.0667853447334058,0.06728678981127482,0.04391845858883197,0.0997803902623193,0.14725275851847552,0.20194803357319066,0.36639546731636474,0.19931445375904672,0.05101972616342353,0.017778371875417726,0.004220215020910115
e30_huber_010_gate_sgg_resid_abs_pct_mean_q85,30,risk_gate,valid,384432,0.06456090159177222,0.06504299688546893,0.0431449910991918,0.09708159808217322,0.14239214013283383,0.1937610937463282,0.3490861479805402,0.1907879677030008,0.046078370166895574,0.015422753568901652,0.0035350855287801224
e30_huber_010_gate_sgg_resid_abs_pct_mean_q85,30,risk_gate,test,442008,0.06342211592829267,0.06367629375927861,0.04168488405400073,0.09475404576977103,0.14061086469800554,0.19306626116317172,0.34971832124086866,0.1837229190421893,0.045967493801017174,0.015465783424734394,0.0036107943747624477
e30_huber_010_gate_sgg_resid_abs_pct_mean_q85,30,risk_gate,recent_holdout,209468,0.06661697777992853,0.0672132177668708,0.043776205212941684,0.09959466603249743,0.1472190931701275,0.20218622661036695,0.3679783361592434,0.1988227318731262,0.05119636412244352,0.01778791987320259,0.004310920999866328
e30_huber_010_gate_complex_resid_error_gt_20_rate_q50,30,risk_gate,valid,384432,0.06452440411217074,0.06486555012412233,0.043418506790230224,0.09692025381348199,0.14146558553611285,0.19185226101336555,0.3425732946810677,0.19004921546593415,0.045006659175094686,0.014845278228659425,0.0033191825862571274
e30_huber_010_gate_complex_resid_error_gt_20_rate_q50,30,risk_gate,test,442008,0.06423842434609238,0.06420626612191213,0.04245030540253002,0.09567211583209248,0.1416139808358869,0.19325669176990304,0.34732329453436817,0.18652829813035057,0.046019529058297585,0.015264429603084106,0.003389078930698087
e30_huber_010_gate_complex_resid_error_gt_20_rate_q50,30,risk_gate,recent_holdout,209468,0.06745547136765187,0.06765963886034403,0.0445140947415033,0.10078707032758724,0.1483240711361353,0.20279835527978587,0.3653719820549509,0.2024032310424504,0.05146370806041973,0.01785475585769664,0.004005385070750663
e30_huber_010_gate_complex_resid_error_gt_20_rate_q70,30,risk_gate,valid,384432,0.0644900271317843,0.0648353843473817,0.0433024587719016,0.09702927184786224,0.14187276548110553,0.19238109590280772,0.3436100189103234,0.1904029841428393,0.045360427851999834,0.01496753652141341,0.0033529987097848254
e30_huber_010_gate_complex_resid_error_gt_20_rate_q70,30,risk_gate,test,442008,0.06397498112956211,0.06400926880967003,0.04210137331705696,0.09543340109939262,0.14135465303371847,0.1933248725323405,0.3488831287763322,0.18582242855332934,0.046100975547953886,0.015391124142549456,0.0034117029556026135
e30_huber_010_gate_complex_resid_error_gt_20_rate_q70,30,risk_gate,recent_holdout,209468,0.06720371052014046,0.0674838202244427,0.04418136677002181,0.10044017746388936,0.14808366733615674,0.20295306784292788,0.36625773044238624,0.2014293352683942,0.0515926060305154,0.017950235835545288,0.00408176905302958
e30_huber_010_gate_complex_resid_error_gt_20_rate_q85,30,risk_gate,valid,384432,0.06439961580852135,0.06479276394568462,0.04309540189355809,0.09696693518169122,0.14207504744608596,0.19308954469706469,0.34498513283114823,0.1903899779414825,0.04578443001623174,0.015094997294710118,0.0034050235152120532
e30_huber_010_gate_complex_resid_error_gt_20_rate_q85,30,risk_gate,test,442008,0.0637962477605657,0.06390259514420835,0.04187573072756352,0.09516390867480105,0.14133579283605643,0.1936038920213811,0.3495468201753356,0.18513918300121265,0.046254818917304666,0.015490669852129373,0.0034637382128830246
e30_huber_010_gate_complex_resid_error_gt_20_rate_q85,30,risk_gate,recent_holdout,209468,0.06705476940126959,0.0673988228373257,0.04403863039201682,0.10021242274402911,0.14779974823647787,0.20310355035615751,0.36676509116802486,0.20067504344338993,0.05168808600836405,0.018060037810071226,0.004129509041953902
e30_huber_010_gate_sgg_resid_error_gt_20_rate_q50,30,risk_gate,valid,384432,0.06503635340618309,0.06530368407859946,0.04374366945102872,0.09738157022837188,0.1424200879347979,0.19310662574372892,0.3468250260539724,0.1915345236608815,0.045716797769176344,0.015258875431805884,0.003303575144628959
e30_huber_010_gate_sgg_resid_error_gt_20_rate_q50,30,risk_gate,test,442008,0.0643765065241237,0.06439902433347099,0.04245141235153329,0.0957515175915701,0.14194001395710557,0.19430953174959534,0.35126068930703136,0.18686992090640894,0.04674123545275199,0.015703335686231924,0.0035451847025393204
e30_huber_010_gate_sgg_resid_error_gt_20_rate_q50,30,risk_gate,recent_holdout,209468,0.06702971696315191,0.0674493450138824,0.044102829331579885,0.10007515296409758,0.1476298964901989,0.20232013838308696,0.3663655947533882,0.20024060954417858,0.051244104111367844,0.01797410583000745,0.004167701033093361
e30_huber_010_gate_sgg_resid_error_gt_20_rate_q70,30,risk_gate,valid,384432,0.06503592746742283,0.06538240441662972,0.04359769890194495,0.0975707740782981,0.1428380588007175,0.1940598520830967,0.3497882734097488,0.19224466225496317,0.046234444583177256,0.015560619303283806,0.0034440421192824737
e30_huber_010_gate_sgg_resid_error_gt_20_rate_q70,30,risk_gate,test,442008,0.06417825020163827,0.06423328083908805,0.04225242520064308,0.09559166159008319,0.14177291425732366,0.1942636934651767,0.351192829110507,0.1863699299560189,0.046723136232828366,0.015671662051365585,0.003581383142386563
e30_huber_010_gate_sgg_resid_error_gt_20_rate_q70,30,risk_gate,recent_holdout,209468,0.06689189784990082,0.06736773298430723,0.04394493192198021,0.09982313387765622,0.14750256419971142,0.20259165321563335,0.36853873059586256,0.1994433517291424,0.05137300208146352,0.018031393816716635,0.0042679550098344374
e30_huber_010_gate_sgg_resid_error_gt_20_rate_q85,30,risk_gate,valid,384432,0.06482183115498873,0.06523786246058105,0.043292128569757976,0.09736171462147933,0.14290703877975527,0.19465483492930954,0.3510465083408974,0.1916489782328214,0.04659081450035377,0.01575050984309319,0.00358711033420735
e30_huber_010_gate_sgg_resid_error_gt_20_rate_q85,30,risk_gate,test,442008,0.06340139065717039,0.06364596470840404,0.04165131626975852,0.09472774882191842,0.14071187981198913,0.19312188682038756,0.35023397712416604,0.1836889830048325,0.045996905033393064,0.015495194657110278,0.0036469928146096904
e30_huber_010_gate_sgg_resid_error_gt_20_rate_q85,30,risk_gate,recent_holdout,209468,0.066636644968688,0.0672445669381836,0.043786619661681334,0.09957087182095907,0.14730396539038826,0.2023132108052705,0.3688352789238658,0.19876066988752458,0.05128707010139974,0.017840433861019345,0.004315694998758761
e30_huber_010_gate_complex_resid_confidence_q30,30,confidence_gate,valid,384432,0.06477463691091201,0.06497141298208128,0.04339584549536578,0.0972203341409802,0.1422492796420504,0.19306694068763403,0.3438858490059332,0.1910428892495942,0.04573500645107587,0.014923315436800266,0.0032047280143172267
e30_huber_010_gate_complex_resid_confidence_q30,30,confidence_gate,test,442008,0.06435101733955557,0.06432994769198251,0.04224209056119309,0.095813906058252,0.14213220644408306,0.19440529537818582,0.3482250206090677,0.18715498362020597,0.04675254746520425,0.015517818682014805,0.0033845541257171816
e30_huber_010_gate_complex_resid_confidence_q30,30,confidence_gate,recent_holdout,209468,0.06758955938483084,0.06776706082733303,0.0443299846444279,0.10083817807793777,0.1487265293229883,0.20373991384146006,0.36777695272408917,0.20248438902362176,0.05209387591422079,0.018308285752477706,0.003957645081826341
e30_huber_010_gate_complex_resid_confidence_q50,30,confidence_gate,valid,384432,0.06480083579215938,0.06496040272542462,0.04353430984088401,0.09714046273909029,0.14182572556351303,0.19235058964199847,0.34224823594808396,0.19070212677404585,0.04517834103300453,0.014741228617804969,0.0032073292545885877
e30_huber_010_gate_complex_resid_confidence_q50,30,confidence_gate,test,442008,0.06455664756958485,0.06446683517783657,0.042538030648058514,0.09604071570439927,0.1420609072042988,0.19411977602066846,0.3472721062696528,0.18783144196485133,0.04651273280121627,0.015375287325116288,0.0033506180883603916
e30_huber_010_gate_complex_resid_confidence_q50,30,confidence_gate,recent_holdout,209468,0.06775006527269425,0.06785495794387607,0.04452953600395185,0.101056038805125,0.1488568801619752,0.20352853278048458,0.3666311893395746,0.2031861668608093,0.05199362193747971,0.018107777798995552,0.003919453090686883
e30_huber_010_gate_complex_resid_confidence_q70,30,confidence_gate,valid,384432,0.06475920325712911,0.06493867104387992,0.04362090230177686,0.09703245003117619,0.14145719356858785,0.1917642383256155,0.34110357404019204,0.1903483580971407,0.04485318599908436,0.014639780247221875,0.0031735131310608898
e30_huber_010_gate_complex_resid_confidence_q70,30,confidence_gate,test,442008,0.06474232266254758,0.06460320365196237,0.042840116553427995,0.09621748211167364,0.14197390225601128,0.19372355628154167,0.345983032733895,0.18826129843803732,0.04629780456462326,0.015230493565727317,0.003321206855984507
e30_huber_010_gate_complex_resid_confidence_q70,30,confidence_gate,recent_holdout,209468,0.06791577113007358,0.067963030578044,0.044768706524790196,0.10122450611071075,0.14887665655291585,0.2032501893497954,0.36598164106553643,0.2037781427234709,0.05184085397292188,0.01797887982889988,0.003919453090686883
e30_huber_010_gate_sgg_resid_confidence_q30,30,confidence_gate,valid,384432,0.06509748710863239,0.06547484328118269,0.0436198010763138,0.09751671249819449,0.1431067480975411,0.19454412526719278,0.3506685838914857,0.19200794939026927,0.046512777292212926,0.015693282557123236,0.003537686769051484
e30_huber_010_gate_sgg_resid_confidence_q30,30,confidence_gate,test,442008,0.06368437985433195,0.06391966166555048,0.0418672846546245,0.09491230560774276,0.1409819359161706,0.19351665607230056,0.3512360054872337,0.18431340609219743,0.046225407684928776,0.015603789976652006,0.0036334183996669742
e30_huber_010_gate_sgg_resid_confidence_q30,30,confidence_gate,recent_holdout,209468,0.06679423145224787,0.06736396482726985,0.04397056235534835,0.09980623879183648,0.1475128629437448,0.20228333641255147,0.3672593287768844,0.1994003857391105,0.05137300208146352,0.017878625852158804,0.0042679550098344374
e30_huber_010_gate_sgg_resid_confidence_q50,30,confidence_gate,valid,384432,0.06515599162012035,0.06545489386733698,0.043839916537389945,0.09750245135039304,0.14259480158898857,0.19375688186319406,0.3476455411867593,0.19186227993507304,0.046099180089066466,0.01542015232863029,0.0034128272360261372
e30_huber_010_gate_sgg_resid_confidence_q50,30,confidence_gate,test,442008,0.06453539316650599,0.06460055879107965,0.04257836929719522,0.09586742807515812,0.14211166761514601,0.1948182228325287,0.3523091715994487,0.18723190530488135,0.046951638884364086,0.015832292628187725,0.0036040071672910896
e30_huber_010_gate_sgg_resid_confidence_q50,30,confidence_gate,recent_holdout,209468,0.06695033779859866,0.06742652080053904,0.04409768062534442,0.0999293562725856,0.14757407453510185,0.2021990660859461,0.3668784982894344,0.19976798365382778,0.051301392098077034,0.01791204384440583,0.004224989019802548
e30_huber_010_gate_sgg_resid_confidence_q70,30,confidence_gate,valid,384432,0.06499289903970754,0.06528536897364558,0.043803181615727264,0.09715310566268491,0.14195853304401426,0.19277109349640525,0.34508512026718635,0.1907125317351313,0.04546187622258293,0.01507938985308195,0.003329587547342573
e30_huber_010_gate_sgg_resid_confidence_q70,30,confidence_gate,test,442008,0.06492005885639383,0.06483354456683983,0.04296050312434929,0.09630331761600863,0.14242839277005706,0.19500019216572922,0.351536022842645,0.18850337550451576,0.04700141173915404,0.015723697308645996,0.0035157734701634358
e30_huber_010_gate_sgg_resid_confidence_q70,30,confidence_gate,recent_holdout,209468,0.067494817733687,0.06782415276476411,0.04446873082000901,0.10065155726811083,0.14847795098056607,0.20331772123967182,0.3692605341830903,0.2019449271487769,0.05196020394523269,0.018131647793457713,0.00421066702312525
e30_huber_015_blend_w25,30,static_blend,valid,384432,0.06424291074464605,0.0645383384083261,0.04329499331483347,0.09638344270754858,0.14079060296955032,0.19079549932969658,0.34103127330356303,0.18817632247055396,0.04460606817330503,0.01453312939609606,0.00324894909893037
e30_huber_015_blend_w25,30,static_blend,test,442008,0.06415675095934056,0.06405970610372659,0.04262415543801079,0.0953066858290756,0.14082594182917862,0.19232205573505967,0.3450990329606352,0.18506904852400863,0.04541546759334673,0.015031402146567483,0.003346093283379486
e30_huber_015_blend_w25,30,static_blend,recent_holdout,209468,0.06749741130973345,0.06762796358445264,0.04488607031539138,0.1004099137693074,0.14779716583999628,0.20105195014576693,0.36284708984783637,0.20127179330494396,0.05053277827639544,0.0174346439551626,0.0038955830962247215
e30_huber_015_blend_w50,30,static_blend,valid,384432,0.06388804375243151,0.06424258407429455,0.043000195930194954,0.09599619208357688,0.14047732403060093,0.1904565650873768,0.3416501755546148,0.18703177675115495,0.04448901236109377,0.01453312939609606,0.00334259374869938
e30_huber_015_blend_w50,30,static_blend,test,442008,0.06357626919967023,0.06355215782975415,0.04214909145665368,0.09469731947389899,0.13999337264463335,0.1912817045145759,0.34443740543343,0.1833971330835641,0.044888327813071255,0.014931856436987566,0.003389078930698087
e30_huber_015_blend_w50,30,static_blend,recent_holdout,209468,0.06691565018835609,0.06719095878690992,0.04444371262300602,0.0995521300789194,0.14700238332485147,0.20060827174838353,0.36048111064625527,0.19860312792407434,0.05028453033398896,0.017229362002788014,0.003986289075180935
e30_huber_015_blend_w75,30,static_blend,valid,384432,0.06376403236690698,0.06420624309081974,0.04282822602619436,0.09592519617159795,0.1404374721667856,0.1906983615796127,0.3431788173869177,0.18687830357514462,0.04450982228326466,0.014616369084779623,0.0034154284762974987
e30_huber_015_blend_w75,30,static_blend,test,442008,0.06322540981921887,0.06330602493940594,0.04184018769840822,0.0944308073503931,0.1395445340860206,0.1910060481573411,0.3452127742169005,0.18249217208738303,0.0448385549582813,0.014929594034497113,0.0034546886029212143
e30_huber_015_blend_w75,30,static_blend,recent_holdout,209468,0.06655103148489318,0.06697327621053774,0.044180175306687594,0.0991666407827907,0.14636046939319844,0.2000287410955006,0.3605744791468095,0.19739530620428897,0.05001241239712032,0.0171529780205091,0.004096091049706876
e30_huber_015_gate_resid_expected_abs_pct_error_q50,30,risk_gate,valid,384432,0.0647977205818233,0.0652156594042527,0.043682539886632135,0.09712333465855486,0.14188738407756993,0.192812175547133,0.34653410621369324,0.19085299870978484,0.0455581221126233,0.01509759853498148,0.0033451949889707414
e30_huber_015_gate_resid_expected_abs_pct_error_q50,30,risk_gate,test,442008,0.06314397464812861,0.06333778102915985,0.04184216304445672,0.09443377883908968,0.13950556765978786,0.19097940082289258,0.3450827380341335,0.18235416553546543,0.04478878210349134,0.01485945955729308,0.003461475810392572
e30_huber_015_gate_resid_expected_abs_pct_error_q50,30,risk_gate,recent_holdout,209468,0.06642690259161839,0.06692046152773858,0.04410790210823673,0.09921052126707894,0.14611225757235188,0.19918952243903945,0.36115169460920904,0.19742395019764356,0.049568430500124126,0.01702885404930586,0.00408176905302958
e30_huber_015_gate_resid_expected_abs_pct_error_q70,30,risk_gate,valid,384432,0.06478482637752923,0.06515194990155256,0.0435933312319187,0.09702038037372589,0.14191155952695475,0.19289352543303032,0.34770032385719146,0.19065530444916137,0.045698589087276816,0.015232863029092271,0.0034154284762974987
e30_huber_015_gate_resid_expected_abs_pct_error_q70,30,risk_gate,test,442008,0.06310645128206466,0.06327394902415766,0.04181842405443029,0.09434691061725149,0.13933674503229646,0.19068797186516162,0.3442922738684067,0.1820917268465729,0.04458290347686015,0.014802899495031763,0.0034524262004307616
e30_huber_015_gate_resid_expected_abs_pct_error_q70,30,risk_gate,recent_holdout,209468,0.06646891428188627,0.06703719201587752,0.044111322868169,0.09926867309329034,0.14643756029330685,0.19993372333466716,0.36385716874508556,0.19762923215001815,0.04997422040598087,0.017296197987282068,0.004182023029770657
e30_huber_015_gate_resid_expected_abs_pct_error_q85,30,risk_gate,valid,384432,0.06396421399552771,0.06449486669208862,0.043001653917325265,0.09636048823087816,0.14116900505023267,0.1919971593830166,0.3456055338847776,0.18851968618637366,0.045154929870562285,0.014886898073001207,0.003485661963624256
e30_huber_015_gate_resid_expected_abs_pct_error_q85,30,risk_gate,test,442008,0.06317012725336936,0.06336723064185158,0.04180645593869557,0.09443974078049633,0.1395595961969117,0.191230663969814,0.34650562251159556,0.18247181046496896,0.04493131346038986,0.015024614939096124,0.003508986262692078
e30_huber_015_gate_resid_expected_abs_pct_error_q85,30,risk_gate,recent_holdout,209468,0.0664641063243708,0.06701585461865213,0.04413035369690069,0.09921779560532198,0.14642657123440111,0.1999019158073396,0.36350965941239055,0.19752420417438463,0.04996944640708843,0.01725800599614261,0.0041772490308782245
e30_huber_015_gate_best_resid_abs_pct_mean_q50,30,risk_gate,valid,384432,0.0647977205818233,0.0652156594042527,0.043682539886632135,0.09712333465855486,0.14188738407756993,0.192812175547133,0.34653410621369324,0.19085299870978484,0.0455581221126233,0.01509759853498148,0.0033451949889707414
e30_huber_015_gate_best_resid_abs_pct_mean_q50,30,risk_gate,test,442008,0.06314397464812861,0.06333778102915985,0.04184216304445672,0.09443377883908968,0.13950556765978786,0.19097940082289258,0.3450827380341335,0.18235416553546543,0.04478878210349134,0.01485945955729308,0.003461475810392572
e30_huber_015_gate_best_resid_abs_pct_mean_q50,30,risk_gate,recent_holdout,209468,0.06642690259161839,0.06692046152773858,0.04410790210823673,0.09921052126707894,0.14611225757235188,0.19918952243903945,0.36115169460920904,0.19742395019764356,0.049568430500124126,0.01702885404930586,0.00408176905302958
e30_huber_015_gate_best_resid_abs_pct_mean_q70,30,risk_gate,valid,384432,0.06478482637752923,0.06515194990155256,0.0435933312319187,0.09702038037372589,0.14191155952695475,0.19289352543303032,0.34770032385719146,0.19065530444916137,0.045698589087276816,0.015232863029092271,0.0034154284762974987
e30_huber_015_gate_best_resid_abs_pct_mean_q70,30,risk_gate,test,442008,0.06310645128206466,0.06327394902415766,0.04181842405443029,0.09434691061725149,0.13933674503229646,0.19068797186516162,0.3442922738684067,0.1820917268465729,0.04458290347686015,0.014802899495031763,0.0034524262004307616
e30_huber_015_gate_best_resid_abs_pct_mean_q70,30,risk_gate,recent_holdout,209468,0.06646891428188627,0.06703719201587752,0.044111322868169,0.09926867309329034,0.14643756029330685,0.19993372333466716,0.36385716874508556,0.19762923215001815,0.04997422040598087,0.017296197987282068,0.004182023029770657
e30_huber_015_gate_best_resid_abs_pct_mean_q85,30,risk_gate,valid,384432,0.06396421399552771,0.06449486669208862,0.043001653917325265,0.09636048823087816,0.14116900505023267,0.1919971593830166,0.3456055338847776,0.18851968618637366,0.045154929870562285,0.014886898073001207,0.003485661963624256
e30_huber_015_gate_best_resid_abs_pct_mean_q85,30,risk_gate,test,442008,0.06317012725336936,0.06336723064185158,0.04180645593869557,0.09443974078049633,0.1395595961969117,0.191230663969814,0.34650562251159556,0.18247181046496896,0.04493131346038986,0.015024614939096124,0.003508986262692078
e30_huber_015_gate_best_resid_abs_pct_mean_q85,30,risk_gate,recent_holdout,209468,0.0664641063243708,0.06701585461865213,0.04413035369690069,0.09921779560532198,0.14642657123440111,0.1999019158073396,0.36350965941239055,0.19752420417438463,0.04996944640708843,0.01725800599614261,0.0041772490308782245
e30_huber_015_gate_complex_resid_abs_pct_mean_q50,30,risk_gate,valid,384432,0.06448888308456761,0.06480826342961009,0.043553505297959115,0.09683715224241725,0.1412620909075872,0.1911693158169486,0.3408864919784707,0.1895939984184459,0.04467370042036043,0.014616369084779623,0.0032645565405585385
e30_huber_015_gate_complex_resid_abs_pct_mean_q50,30,risk_gate,test,442008,0.06410380479353223,0.06407170454504466,0.04238701577865693,0.09544847228222403,0.14111710960445992,0.19255484589417654,0.3465682135588982,0.18551021700964687,0.0455602613527357,0.015158096686032832,0.003327994063455865
e30_huber_015_gate_complex_resid_abs_pct_mean_q50,30,risk_gate,recent_holdout,209468,0.067362412043966,0.06753763864533979,0.044606245531250345,0.10039522086988682,0.147854018490943,0.2014870106416441,0.36383959602852495,0.20134340328833045,0.050795348215479215,0.017654247904214486,0.003929001088471748
e30_huber_015_gate_complex_resid_abs_pct_mean_q70,30,risk_gate,valid,384432,0.06434064030049232,0.06465031167463106,0.04338250292452887,0.09667469389690184,0.1412502180012974,0.19115558480384254,0.3409591501590452,0.189263640903983,0.04471532026470221,0.014657988929121405,0.003277562741915345
e30_huber_015_gate_complex_resid_abs_pct_mean_q70,30,risk_gate,test,442008,0.06387173438777122,0.06389371672793429,0.04218513274479164,0.09516712531310066,0.14072594135822658,0.1922417860127244,0.3466136677142869,0.18474326256538343,0.04539963077591356,0.015133210258637854,0.0033664549057935604
e30_huber_015_gate_complex_resid_abs_pct_mean_q70,30,risk_gate,recent_holdout,209468,0.06710773973324526,0.06734749836873616,0.04440855557903767,0.09998087126322648,0.1474922797176779,0.20098512254597703,0.36417398468641166,0.19994939561174022,0.05056619626864246,0.01762560391085989,0.0039719670785036375
e30_huber_015_gate_complex_resid_abs_pct_mean_q85,30,risk_gate,valid,384432,0.06416486757173213,0.06454653751209445,0.04320570056555873,0.09650354238066139,0.14118156666479095,0.19130335506627597,0.34213583722825464,0.18882923377866567,0.04484538227827028,0.014699608773463187,0.003295771423814875
e30_huber_015_gate_complex_resid_abs_pct_mean_q85,30,risk_gate,test,442008,0.06365180340996052,0.06374513073320046,0.042012818561366204,0.09488442826491336,0.14038557955685058,0.19195709145299336,0.34723418926726995,0.18393106007131094,0.0452684114314673,0.015153571881051927,0.003389078930698087
e30_huber_015_gate_complex_resid_abs_pct_mean_q85,30,risk_gate,recent_holdout,209468,0.06693101878992877,0.06723261717958812,0.044315817342306774,0.09971941602686563,0.14725108741860704,0.20082674198892153,0.3648063297232311,0.19909484980999484,0.05050413428304085,0.017611281914182597,0.004038803062997689
e30_huber_015_gate_sgg_resid_abs_pct_mean_q50,30,risk_gate,valid,384432,0.06478860442267519,0.06509360602712133,0.04374328424541421,0.09696631995072025,0.14160754020730917,0.19226223091288483,0.3445138643270909,0.19022349856411536,0.04522256211761768,0.014938922878428434,0.0032723602613726225
e30_huber_015_gate_sgg_resid_abs_pct_mean_q50,30,risk_gate,test,442008,0.06383510528772231,0.06390643954257481,0.04228163709923692,0.09512814853827299,0.14046030559924358,0.19196126973339858,0.34682660996546294,0.18460751841595627,0.045311397078785905,0.015074387793886083,0.0034365893829975927
e30_huber_015_gate_sgg_resid_abs_pct_mean_q50,30,risk_gate,recent_holdout,209468,0.06673286036528203,0.06715850991256696,0.04423345753809964,0.09949867184662925,0.14685570552843596,0.19999374484907242,0.3628661865087753,0.198345331983883,0.04999809040044303,0.017300971986174498,0.004086543051922012
e30_huber_015_gate_sgg_resid_abs_pct_mean_q70,30,risk_gate,valid,384432,0.06459831100846096,0.06498255818859623,0.04346131061852829,0.09692473382069713,0.14168629337792582,0.19241539348878578,0.34603558999939965,0.19013765763516044,0.04532140924792941,0.015063782411453782,0.003347796229242103
e30_huber_015_gate_sgg_resid_abs_pct_mean_q70,30,risk_gate,test,442008,0.06332560835418767,0.0634825358807955,0.041966756942465225,0.09451830756540396,0.13955394133974053,0.19096394029000324,0.34489125789928005,0.18275461077627556,0.04469602360138278,0.014836835532388555,0.0034569510054116665
e30_huber_015_gate_sgg_resid_abs_pct_mean_q70,30,risk_gate,recent_holdout,209468,0.06669444815540133,0.06716129971684474,0.044216151165542235,0.09944577432839674,0.14678189026324281,0.20000320420197612,0.3636790939167817,0.19824985200603434,0.05000286439933546,0.01730574598506693,0.004139057039738767
e30_huber_015_gate_sgg_resid_abs_pct_mean_q85,30,risk_gate,valid,384432,0.06427272343704189,0.06475247323797953,0.043239208110371935,0.09652957082195855,0.14130622833888465,0.19182537136134176,0.3454218600027589,0.18900611811711823,0.045063886461064635,0.014933720397885712,0.003433637158197028
e30_huber_015_gate_sgg_resid_abs_pct_mean_q85,30,risk_gate,test,442008,0.0632779248047216,0.0635123613711353,0.04187684808293924,0.09451645415822404,0.13971667140822322,0.19123799607750258,0.3468289767424252,0.18275461077627556,0.04483403015330039,0.015013302926643862,0.0035044614577111727
e30_huber_015_gate_sgg_resid_abs_pct_mean_q85,30,risk_gate,recent_holdout,209468,0.06648092489989177,0.0670360754178127,0.04412572824427592,0.09925705311810733,0.14655206102910198,0.20013152989021366,0.36418701525728225,0.19761491015334084,0.050084022380506805,0.017229362002788014,0.004201119025340386
e30_huber_015_gate_complex_resid_error_gt_20_rate_q50,30,risk_gate,valid,384432,0.06436056700864486,0.06471436680089186,0.04347671882474846,0.09663052537966242,0.1409232710877588,0.1908136629036052,0.3406156924289824,0.18899051067549008,0.04454623964706372,0.01462937528613643,0.003269759021101261
e30_huber_015_gate_complex_resid_error_gt_20_rate_q50,30,risk_gate,test,442008,0.06415445277651818,0.06412553105961623,0.042543387581965776,0.09550647328731761,0.14103823345649671,0.1924564911981155,0.3457127454078013,0.185695734013864,0.04549012687553167,0.015094749416300157,0.0033596676983222024
e30_huber_015_gate_complex_resid_error_gt_20_rate_q50,30,risk_gate,recent_holdout,209468,0.06737449551032858,0.06756895613155159,0.04466996533947561,0.10035459646123446,0.14775560220272105,0.20132910213109512,0.3636797487688619,0.20128611530162124,0.050738060228770025,0.017616055913075027,0.003986289075180935
e30_huber_015_gate_complex_resid_error_gt_20_rate_q70,30,risk_gate,valid,384432,0.06425181373020133,0.06460938324366777,0.043357774616218356,0.0965312107711714,0.14100427278404032,0.19084804541487038,0.34123580326547565,0.18885004370083655,0.044624276855204564,0.014663191409664128,0.0033009739043575975
e30_huber_015_gate_complex_resid_error_gt_20_rate_q70,30,risk_gate,test,442008,0.06384938875772295,0.06388327641512119,0.04222987203039087,0.09516927067839924,0.14053744888523775,0.1921066103579572,0.3461219770578792,0.1846731280881794,0.04532497149372862,0.01509701181879061,0.003368717308284013
e30_huber_015_gate_complex_resid_error_gt_20_rate_q70,30,risk_gate,recent_holdout,209468,0.06707977399924872,0.06734237141505488,0.04441951864262248,0.10000803226361461,0.14735237787164576,0.2011539115481633,0.3641138757391791,0.20003055359291155,0.05062348425535165,0.017587411919720436,0.004019707067427961
e30_huber_015_gate_complex_resid_error_gt_20_rate_q85,30,risk_gate,valid,384432,0.06411411543025022,0.06451647790306915,0.04315984500963826,0.09641521056350927,0.141016472411681,0.1911910260443106,0.34210164971373885,0.18857951471261497,0.04479335747284305,0.014689203812377741,0.003337391268156657
e30_huber_015_gate_complex_resid_error_gt_20_rate_q85,30,risk_gate,test,442008,0.06363422174524525,0.06373588874802626,0.04202650173434487,0.0948941583906977,0.14032443552139665,0.1918582233227699,0.3467149399237586,0.1839084360464064,0.04522995058912961,0.015133210258637854,0.003407178150621708
e30_huber_015_gate_complex_resid_error_gt_20_rate_q85,30,risk_gate,recent_holdout,209468,0.06690506634753904,0.06722645562575479,0.044315817342306774,0.09976220784940575,0.14711740036128507,0.20093551914465663,0.364084560254144,0.19921897378119807,0.050561422269750037,0.01753489793190368,0.004067447056352283
e30_huber_015_gate_sgg_resid_error_gt_20_rate_q50,30,risk_gate,valid,384432,0.06479521915030784,0.06506179952137195,0.0437341017429068,0.09693416360439318,0.141480233469995,0.19199244042105063,0.3445009282572291,0.190127252674075,0.04510030382486369,0.01497013776168477,0.003269759021101261
e30_huber_015_gate_sgg_resid_error_gt_20_rate_q50,30,risk_gate,test,442008,0.06423852542169586,0.06424773515322466,0.04252669773330439,0.09554663557523914,0.1410831823590215,0.19293361369198828,0.34913335842532583,0.1859740095201897,0.045876997701399067,0.01543637219235851,0.003475050225335288
e30_huber_015_gate_sgg_resid_error_gt_20_rate_q50,30,risk_gate,recent_holdout,209468,0.06695141119198832,0.06733952469274208,0.04433119698979382,0.0996947578234749,0.14714905896398137,0.20039176535916006,0.36425352236887565,0.19899459583325377,0.05029407833177383,0.017525349934118816,0.0041199610441690375
e30_huber_015_gate_sgg_resid_error_gt_20_rate_q70,30,risk_gate,valid,384432,0.06474158795647242,0.06508517287051141,0.04361775898527259,0.09704837038063002,0.14169709064961447,0.19241966415788087,0.3462554452552952,0.1904576101885379,0.04539164273525617,0.015149623340408707,0.003363403670870271
e30_huber_015_gate_sgg_resid_error_gt_20_rate_q70,30,risk_gate,test,442008,0.06401096630502101,0.06405244653954352,0.04235831766588513,0.09532401171306007,0.1408061112757564,0.1927563870074503,0.3487025347106772,0.18523420390581166,0.04571636712457693,0.015345876092740404,0.0035044614577111727
e30_huber_015_gate_sgg_resid_error_gt_20_rate_q70,30,risk_gate,recent_holdout,209468,0.06677296344926943,0.06721131117322829,0.044239029882070256,0.0994484104936817,0.1469057906350846,0.20036056860680385,0.3651997869752453,0.19829759199495867,0.05027020833731167,0.01749193194187179,0.004186797028663089
e30_huber_015_gate_sgg_resid_error_gt_20_rate_q85,30,risk_gate,valid,384432,0.06449275923859944,0.06490526273404956,0.04336387171640331,0.09675358357323274,0.14159978452382674,0.1925679217770564,0.3473035183556896,0.1897162567111999,0.04550869854746743,0.015214654347192741,0.003477858242810172
e30_huber_015_gate_sgg_resid_error_gt_20_rate_q85,30,risk_gate,test,442008,0.06324846714559319,0.06347410807319884,0.04184778896917808,0.09448219998096864,0.1397582670282203,0.19128392126896382,0.3471992364174445,0.1827274619463901,0.04485212937322401,0.015024614939096124,0.00353613509257751
e30_huber_015_gate_sgg_resid_error_gt_20_rate_q85,30,risk_gate,recent_holdout,209468,0.06648821354367326,0.06705412900951455,0.04412992121114523,0.09925870970834902,0.14661497383879116,0.20023768300119424,0.36425352236887565,0.19761013615444842,0.050117440372753834,0.017272327992819907,0.004201119025340386
e30_huber_015_gate_complex_resid_confidence_q30,30,confidence_gate,valid,384432,0.064535440045108,0.064743088544762,0.04345834840015602,0.09672391588819121,0.1413509021309077,0.19154551816956936,0.34142369449038307,0.18950555624921964,0.04486879344071253,0.014642381487493236,0.0031917218129604197
e30_huber_015_gate_complex_resid_confidence_q30,30,confidence_gate,test,442008,0.06419336553409703,0.06417097102630497,0.04234843422104263,0.09558397854356639,0.14113008248002454,0.19284271192215707,0.34654473340429975,0.18599889594758465,0.045806863224195034,0.015182983113427811,0.003337043673417676
e30_huber_015_gate_complex_resid_confidence_q30,30,confidence_gate,recent_holdout,209468,0.06742094982442394,0.0675817802349566,0.04453921337617878,0.1002394699437746,0.14787344007217196,0.20175943111992348,0.365155077446691,0.20085645540130234,0.050986308171176505,0.01781178986766475,0.003924227089579315
e30_huber_015_gate_complex_resid_confidence_q50,30,confidence_gate,valid,384432,0.06463246002035859,0.06480566821803875,0.043568853184643166,0.09679533689960959,0.14128673587214408,0.19123704861747723,0.34053677804798227,0.18958619469763183,0.04464508677737545,0.01455654055853831,0.0031891205726890582
e30_huber_015_gate_complex_resid_confidence_q50,30,confidence_gate,test,442008,0.06442658231822196,0.06434143688178086,0.04260693826022637,0.0958219232004111,0.14125935416670396,0.19290235504739683,0.3460088500673253,0.18674096396445314,0.045745778356952815,0.015126423051166495,0.003321206855984507
e30_huber_015_gate_complex_resid_confidence_q50,30,confidence_gate,recent_holdout,209468,0.06760926286254358,0.06770320595389598,0.044709575107506894,0.10055197600073697,0.14814336079943777,0.20183963725573323,0.364928169155922,0.20184944717092826,0.05097676017339164,0.017764049878740428,0.0038955830962247215
e30_huber_015_gate_complex_resid_confidence_q70,30,confidence_gate,valid,384432,0.06467645090630678,0.0648683441653786,0.043690817334947826,0.09684249785979647,0.141174957702536,0.19115558480384254,0.3399851936653984,0.18965382694468721,0.04454363840679236,0.014540933116910142,0.0031709118907895283
e30_huber_015_gate_complex_resid_confidence_q70,30,confidence_gate,test,442008,0.06466504946972892,0.06453494024294654,0.04288190391208527,0.09608639523655854,0.1414527587980455,0.193077846279165,0.3451328434428319,0.18752375522614975,0.04583853685906138,0.015099274221281062,0.003307632441041791
e30_huber_015_gate_complex_resid_confidence_q70,30,confidence_gate,recent_holdout,209468,0.06781593748012556,0.06785933726403835,0.044947242056435625,0.10085543654123257,0.1485150061621198,0.2018306227987948,0.36421247876491863,0.202608512994825,0.0510006301678538,0.017773597876525292,0.003905131094009586
e30_huber_015_gate_sgg_resid_confidence_q30,30,confidence_gate,valid,384432,0.06479886907073931,0.06517032328960022,0.04364720162136601,0.09702602765821043,0.14188308806233926,0.1927031984816481,0.34765115328728563,0.19045240770799518,0.04554511591126649,0.015209451866650018,0.0034128272360261372
e30_huber_015_gate_sgg_resid_confidence_q30,30,confidence_gate,test,442008,0.06354087729794401,0.06375414890965585,0.04202060489268355,0.09472513332868532,0.14008972037660297,0.19174329638478574,0.3483806653703251,0.18355776366038623,0.04521863857667734,0.015149047076071022,0.003529347885106152
e30_huber_015_gate_sgg_resid_confidence_q30,30,confidence_gate,recent_holdout,209468,0.06665060911556116,0.06718166741105394,0.04425274959083638,0.09942508523299243,0.1468995001519539,0.20039176535916006,0.36350492519011895,0.19813050203372354,0.05027020833731167,0.017358259972883688,0.004186797028663089
e30_huber_015_gate_sgg_resid_confidence_q50,30,confidence_gate,valid,384432,0.06492724237288953,0.06522240108718279,0.04383861866545173,0.09711649587258296,0.14175335793087523,0.19236345423691883,0.3454915727269281,0.19069692429350316,0.045355225371457114,0.015063782411453782,0.0033269863070712114
e30_huber_015_gate_sgg_resid_confidence_q50,30,confidence_gate,test,442008,0.06437079029372322,0.0644210040100687,0.04266160423870073,0.09566792879746476,0.14126258339000616,0.19338942559606387,0.349695695933197,0.18636314274854754,0.046071564315578,0.015549492316881143,0.0035180358726538885
e30_huber_015_gate_sgg_resid_confidence_q50,30,confidence_gate,recent_holdout,209468,0.06682330200349872,0.06726696110735363,0.04433674033475499,0.0995593474982868,0.1470189442807744,0.2006533285630796,0.3637593770783164,0.1986460939141062,0.05043252429965436,0.017420321958485304,0.004148605037523631
e30_huber_015_gate_sgg_resid_confidence_q70,30,confidence_gate,valid,384432,0.06485358323496812,0.06514382288462066,0.04380948806093382,0.09691281614827128,0.14148723880329617,0.1920590120242018,0.34402676117772685,0.18988273608856704,0.04500405793482332,0.01491030923544346,0.0032853664627294295
e30_huber_015_gate_sgg_resid_confidence_q70,30,confidence_gate,test,442008,0.06475242768413174,0.0646574597499907,0.04299343284159417,0.09610150366210685,0.1417221043324792,0.1936778343806515,0.3495166929860448,0.18761425132576787,0.04628423014968055,0.015499719462091183,0.0034524262004307616
e30_huber_015_gate_sgg_resid_confidence_q70,30,confidence_gate,recent_holdout,209468,0.067370332918773,0.0676704799506817,0.04465904355792179,0.10020659985021946,0.14787564984172025,0.2019082110994395,0.3662567680403729,0.20070368743674452,0.05115817213130407,0.01765902190310692,0.004129509041953902
e50_mse,50,mse,valid,384432,0.06473396310949935,0.06503361661540592,0.043770605746929675,0.09689739329199976,0.14139935984730662,0.19160704695337222,0.34149848834794494,0.18978649019852667,0.04484017979772756,0.014673596370749574,0.0031995255337745037
e50_mse,50,mse,test,442008,0.06485590349737357,0.06475781219504552,0.04322021011120539,0.09611409909828392,0.14174243216826005,0.19338885409940873,0.3462216299930129,0.18770700982787641,0.04612359957285841,0.015214656748294149,0.0033302564659463177
e50_mse,50,mse,recent_holdout,209468,0.0681828838595063,0.06819833698600751,0.045453519947146734,0.10130671039816568,0.14880357424504176,0.20230177594130655,0.36487354111563236,0.20408367865258656,0.05122500811579812,0.01766379590199935,0.003847843107300399
e50_huber_005,50,huber,valid,384432,0.06430338109814482,0.06482882240890142,0.043047423916477576,0.09695803024014059,0.14218997062439065,0.19342763630588783,0.35028238082116303,0.19043940150663838,0.04601333916011154,0.015451367211886627,0.0036287301785491322
e50_huber_005,50,huber,test,442008,0.06352574316231571,0.06371361055379457,0.04180219479844781,0.09502253079757607,0.1409248088400123,0.19329820463821518,0.350950902770198,0.18456905757361858,0.046082876328030264,0.015458996217263037,0.003622106387214711
e50_huber_005,50,huber,recent_holdout,209468,0.06682649969406657,0.06739959452253887,0.04417525775840725,0.09992885121034477,0.14779022606576375,0.2021254279396374,0.36681632520252844,0.19976798365382778,0.05122978211469055,0.01772108388870854,0.004244085015372276
e50_huber_0075,50,huber,valid,384432,0.06425354973592216,0.0647834288967348,0.04304421801587961,0.09691165569506782,0.14223186544678018,0.19281748135540466,0.34732536532747993,0.19015326507678862,0.04573500645107587,0.01517563574312232,0.00349346568443834
e50_huber_0075,50,huber,test,442008,0.06357665347264681,0.06375068557531749,0.04189887389215895,0.09515985817899492,0.14109819446804742,0.19313494114839264,0.349367256483849,0.18504189969412319,0.04598106821595989,0.01540243615500172,0.0035338726900870573
e50_huber_0075,50,huber,recent_holdout,209468,0.06687743664138059,0.06743134798138642,0.04423448745666278,0.09995453562408668,0.14785194271474394,0.20195743048536982,0.36498983512200883,0.1998300456394294,0.05113907613573434,0.01762082991196746,0.004191571027555522
e50_huber_010,50,huber,valid,384432,0.06425243483576525,0.06480635527472516,0.04287974778131941,0.09685017382239319,0.14232955445511894,0.1940788227565556,0.35116322736753486,0.1900856328297332,0.04636190535647396,0.01556842302409789,0.003675552503433637
e50_huber_010,50,huber,test,442008,0.06330829639773655,0.06353547801365686,0.04158919325595502,0.0946043431140427,0.14055317203974413,0.19327639659500506,0.35089591305531975,0.1833971330835641,0.046082876328030264,0.015626414001556534,0.0036560424245715008
e50_huber_010,50,huber,recent_holdout,209468,0.066599038307678,0.06721468788119994,0.043784878306400224,0.09956147422325817,0.14725420241664028,0.20231243568448815,0.3689310642431206,0.19862222391964404,0.05128707010139974,0.017902495846620965,0.004344338992113354
e50_huber_015,50,huber,valid,384432,0.06387410463375448,0.06440741866229062,0.04293145283473101,0.09615840333332226,0.14095741807940046,0.19153808398823546,0.3456304538087121,0.1879448120864028,0.04498064677238107,0.014928517917342989,0.00351167436633787
e50_huber_015,50,huber,test,442008,0.0631354110531907,0.06332095675107677,0.04176261163815663,0.09439559704941865,0.13955360453554752,0.19111137934052605,0.34716694455855107,0.18248538487991167,0.04481819333586722,0.015058550976452915,0.0035180358726538885
e50_huber_015,50,huber,recent_holdout,209468,0.0664370271854507,0.066988006004265,0.04410118183315363,0.09915102314681172,0.14649834441904425,0.2001613461243902,0.36402907989401706,0.1974144021998587,0.05006970038382951,0.017205492008325853,0.004196345026447954
e50_huber_005_blend_w25,50,static_blend,valid,384432,0.06433282787815292,0.06463446170227037,0.043313080867246015,0.09653081834116985,0.14108997309907476,0.19127295554711957,0.3419158701995988,0.18876160153161028,0.04484538227827028,0.014626774045865069,0.0032671577808298996
e50_huber_005_blend_w25,50,static_blend,test,442008,0.06421937780995642,0.06413050952281968,0.04263061026143034,0.09540629238420843,0.14107758616346325,0.1927022580194722,0.34590641027489955,0.18561202512171726,0.04564397024488245,0.01512189824618559,0.0033664549057935604
e50_huber_005_blend_w25,50,static_blend,recent_holdout,209468,0.06754039382989023,0.06768514841806819,0.04486062819044147,0.10048199940551435,0.1480672653157651,0.20125523198351128,0.36357595781941493,0.20160597322741422,0.05073328622987759,0.017553993927473407,0.003957645081826341
e50_huber_005_blend_w50,50,static_blend,valid,384432,0.06412130430434335,0.06447348636392872,0.04305075915794992,0.096400751944489,0.14104444890948217,0.19160872649736976,0.3439711668279839,0.18839742789361968,0.04500405793482332,0.014751633578890415,0.0033816123527698008
e50_huber_005_blend_w50,50,static_blend,test,442008,0.06377439143573403,0.06375138760745486,0.042158499298247644,0.09503694230533223,0.14066934811170656,0.19246564876331287,0.34623830027299807,0.18439711498434416,0.04553537492534072,0.015176195905956454,0.003450163797940309
e50_huber_005_blend_w50,50,static_blend,recent_holdout,209468,0.06709196633092136,0.06737698210606093,0.04441163334595957,0.0999468956378038,0.14765278678609373,0.20125419087936713,0.36318888163770185,0.1997966276471824,0.05076670422212462,0.01740599996180801,0.0040292550652128245
e50_huber_005_blend_w75,50,static_blend,valid,384432,0.0641078486423485,0.06453852836093327,0.04293804094502046,0.09649930462755038,0.14148586223790718,0.19208824946908573,0.3465402616531664,0.1887746077329671,0.04521996087734632,0.014983143963041578,0.003490864444166979
e50_huber_005_blend_w75,50,static_blend,test,442008,0.0635372052204012,0.06361164210180043,0.04190142917939904,0.09493709101480353,0.14066926081863643,0.19265545507239623,0.34797114215411995,0.1841143146730376,0.045752565564424176,0.015280266420517276,0.00353613509257751
e50_huber_005_blend_w75,50,static_blend,recent_holdout,209468,0.06684917324330325,0.06727802813964656,0.04417278751990713,0.09978547001078698,0.14741987428509484,0.20152968442430383,0.36428492963517956,0.19930013176236944,0.05097676017339164,0.017549219928580977,0.004134283040846335
e50_huber_005_gate_resid_expected_abs_pct_error_q50,50,risk_gate,valid,384432,0.06487501373258726,0.06531846357082659,0.04363156565582784,0.09740723999513554,0.1423352365957512,0.1933454891795919,0.3475711688745356,0.1917114079993341,0.04580263869813127,0.015300495276147668,0.0034076247554834147
e50_huber_005_gate_resid_expected_abs_pct_error_q50,50,risk_gate,test,442008,0.0634348971247227,0.06359812680234514,0.04183106865519367,0.09491961263145211,0.14053768146449513,0.1924567536606908,0.3477169373114202,0.1839853577310818,0.04572315433204829,0.015119635843695137,0.0035270854826156993
e50_huber_005_gate_resid_expected_abs_pct_error_q50,50,risk_gate,recent_holdout,209468,0.06674327862348439,0.06723052790852188,0.044141127204595336,0.09984601351404,0.14723155186692535,0.2010688610167832,0.3630173860769486,0.19949109171806673,0.05060916225867436,0.017363033971776118,0.004115187045276606
e50_huber_005_gate_resid_expected_abs_pct_error_q70,50,risk_gate,valid,384432,0.06494930249059812,0.06535490044536224,0.04360495359764184,0.09748344485236887,0.14268779593476458,0.19385036006606082,0.3496639966958217,0.1920469679943397,0.04621103342073501,0.015516398218670662,0.003506471885795147
e50_huber_005_gate_resid_expected_abs_pct_error_q70,50,risk_gate,test,442008,0.06341419004005962,0.06355621822880234,0.04181716059889627,0.09487817428583473,0.14046328624883264,0.19224796144772777,0.3468590140349485,0.18383830156920236,0.04559645979258294,0.015092487013809705,0.003522560677634794
e50_huber_005_gate_resid_expected_abs_pct_error_q70,50,risk_gate,recent_holdout,209468,0.06683063792131208,0.06739780313738646,0.04416763683694497,0.09996023834097251,0.14765325625481257,0.20199944662217342,0.3655750847533013,0.19988255962724616,0.0511486241335192,0.017692439895353945,0.004215441022017683
e50_huber_005_gate_resid_expected_abs_pct_error_q85,50,risk_gate,valid,384432,0.06432909568124355,0.06483602226796374,0.04307135632623817,0.09702183072771332,0.14224644091346095,0.19342284461570683,0.3492195375667376,0.19060327964373414,0.04599773171848337,0.015360323802388979,0.0036027177758355183
e50_huber_005_gate_resid_expected_abs_pct_error_q85,50,risk_gate,test,442008,0.06353201745963624,0.06371196636351875,0.041823138037219196,0.09505681106834482,0.14086586228525555,0.19328176981598713,0.34973624929977143,0.18448987348645274,0.046071564315578,0.015370762520135382,0.0035926951548388266
e50_huber_005_gate_resid_expected_abs_pct_error_q85,50,risk_gate,recent_holdout,209468,0.0668347305631449,0.0673922489210282,0.04418361710681576,0.09996394656729728,0.14772305960416546,0.20200121845871846,0.36529814949338923,0.19989210762503104,0.05113907613573434,0.017668569900891783,0.004220215020910115
e50_huber_005_gate_best_resid_abs_pct_mean_q50,50,risk_gate,valid,384432,0.06487501373258726,0.06531846357082659,0.04363156565582784,0.09740723999513554,0.1423352365957512,0.1933454891795919,0.3475711688745356,0.1917114079993341,0.04580263869813127,0.015300495276147668,0.0034076247554834147
e50_huber_005_gate_best_resid_abs_pct_mean_q50,50,risk_gate,test,442008,0.0634348971247227,0.06359812680234514,0.04183106865519367,0.09491961263145211,0.14053768146449513,0.1924567536606908,0.3477169373114202,0.1839853577310818,0.04572315433204829,0.015119635843695137,0.0035270854826156993
e50_huber_005_gate_best_resid_abs_pct_mean_q50,50,risk_gate,recent_holdout,209468,0.06674327862348439,0.06723052790852188,0.044141127204595336,0.09984601351404,0.14723155186692535,0.2010688610167832,0.3630173860769486,0.19949109171806673,0.05060916225867436,0.017363033971776118,0.004115187045276606
e50_huber_005_gate_best_resid_abs_pct_mean_q70,50,risk_gate,valid,384432,0.06494930249059812,0.06535490044536224,0.04360495359764184,0.09748344485236887,0.14268779593476458,0.19385036006606082,0.3496639966958217,0.1920469679943397,0.04621103342073501,0.015516398218670662,0.003506471885795147
e50_huber_005_gate_best_resid_abs_pct_mean_q70,50,risk_gate,test,442008,0.06341419004005962,0.06355621822880234,0.04181716059889627,0.09487817428583473,0.14046328624883264,0.19224796144772777,0.3468590140349485,0.18383830156920236,0.04559645979258294,0.015092487013809705,0.003522560677634794
e50_huber_005_gate_best_resid_abs_pct_mean_q70,50,risk_gate,recent_holdout,209468,0.06683063792131208,0.06739780313738646,0.04416763683694497,0.09996023834097251,0.14765325625481257,0.20199944662217342,0.3655750847533013,0.19988255962724616,0.0511486241335192,0.017692439895353945,0.004215441022017683
e50_huber_005_gate_best_resid_abs_pct_mean_q85,50,risk_gate,valid,384432,0.06432909568124355,0.06483602226796374,0.04307135632623817,0.09702183072771332,0.14224644091346095,0.19342284461570683,0.3492195375667376,0.19060327964373414,0.04599773171848337,0.015360323802388979,0.0036027177758355183
e50_huber_005_gate_best_resid_abs_pct_mean_q85,50,risk_gate,test,442008,0.06353201745963624,0.06371196636351875,0.041823138037219196,0.09505681106834482,0.14086586228525555,0.19328176981598713,0.34973624929977143,0.18448987348645274,0.046071564315578,0.015370762520135382,0.0035926951548388266
e50_huber_005_gate_best_resid_abs_pct_mean_q85,50,risk_gate,recent_holdout,209468,0.0668347305631449,0.0673922489210282,0.04418361710681576,0.09996394656729728,0.14772305960416546,0.20200121845871846,0.36529814949338923,0.19989210762503104,0.05113907613573434,0.017668569900891783,0.004220215020910115
e50_huber_005_gate_complex_resid_abs_pct_mean_q50,50,risk_gate,valid,384432,0.06461386018664189,0.06493834163613195,0.04355736736579578,0.09711871391547855,0.1415997646549521,0.19193067307315922,0.34249302655986813,0.1906865193324177,0.04494422940858201,0.014795854663503558,0.003308777625171682
e50_huber_005_gate_complex_resid_abs_pct_mean_q50,50,risk_gate,test,442008,0.06418968723412671,0.06416935186789392,0.0423734606894802,0.09569821593551645,0.14163072602441631,0.19313109201044468,0.34796890599423114,0.18649209969050334,0.04593129536116993,0.015225968760746411,0.0033641925033031077
e50_huber_005_gate_complex_resid_abs_pct_mean_q50,50,risk_gate,recent_holdout,209468,0.0674422371501162,0.06765399869680724,0.044594101439055955,0.10067523080031128,0.14846154866317574,0.20209069812004077,0.3643420282489004,0.20227910707124716,0.05122023411690568,0.01774972788206313,0.0039099050929020185
e50_huber_005_gate_complex_resid_abs_pct_mean_q70,50,risk_gate,valid,384432,0.06455812714049372,0.06488954824813117,0.04341720035506618,0.09720858640366097,0.1419495192043796,0.19231688246797427,0.34294739908427513,0.19105849669122238,0.045342219170100305,0.01493111915761435,0.003337391268156657
e50_huber_005_gate_complex_resid_abs_pct_mean_q70,50,risk_gate,test,442008,0.06404137519698595,0.06408999582316845,0.04218098076225981,0.09555821522875813,0.14163428122233315,0.19337772204344658,0.3485020016755329,0.18614821451195454,0.046082876328030264,0.015293840835459992,0.0034117029556026135
e50_huber_005_gate_complex_resid_abs_pct_mean_q70,50,risk_gate,recent_holdout,209468,0.06727178863343758,0.06756234436392397,0.044452946634241555,0.10045136536821296,0.1483158677309753,0.2022569475129261,0.3653619100550947,0.201515267248458,0.0512966180991846,0.017816563866557184,0.003957645081826341
e50_huber_005_gate_complex_resid_abs_pct_mean_q85,50,risk_gate,valid,384432,0.06445757690037245,0.06486194020136457,0.043252791719579464,0.09714561707987836,0.14212948446887003,0.19283966626555102,0.34513081028699694,0.19092583343738295,0.04566217172347775,0.01507938985308195,0.003363403670870271
e50_huber_005_gate_complex_resid_abs_pct_mean_q85,50,risk_gate,test,442008,0.06389282263221223,0.06401459796017195,0.04201728518290506,0.09538924914244579,0.1414874938375893,0.19348114318987658,0.34927848096451214,0.18573419485620168,0.046202783660024255,0.015404698557492172,0.003443376590468951
e50_huber_005_gate_complex_resid_abs_pct_mean_q85,50,risk_gate,recent_holdout,209468,0.06716168107385069,0.06751991808558186,0.04436407173229515,0.10034360125875799,0.1482395627958681,0.20247985997664525,0.3667985471966726,0.20118108732598775,0.051415968071495406,0.017950235835545288,0.004048351060782554
e50_huber_005_gate_sgg_resid_abs_pct_mean_q50,50,risk_gate,valid,384432,0.0649082497393256,0.06526819668107228,0.04375877769752572,0.09739313498466337,0.1421965334004319,0.19296556964329104,0.34587577047483276,0.19156573854413783,0.04570119032754817,0.015126212177966454,0.003321783826528489
e50_huber_005_gate_sgg_resid_abs_pct_mean_q50,50,risk_gate,test,442008,0.06400361285906192,0.06410018544735863,0.042234141972289314,0.09547560317363209,0.14131142293321142,0.1933794875307666,0.34927735403602617,0.1858541021881957,0.04610323795044433,0.015264429603084106,0.003486362237787551
e50_huber_005_gate_sgg_resid_abs_pct_mean_q50,50,risk_gate,recent_holdout,209468,0.06698152063033647,0.06742946148517753,0.044252768980539314,0.10007434237356638,0.1477931681079369,0.20137636087987268,0.36413302907785855,0.20031699352645752,0.050781026218801914,0.017582637920828002,0.00406267305745985
e50_huber_005_gate_sgg_resid_abs_pct_mean_q70,50,risk_gate,valid,384432,0.064769939389476,0.06519849064901127,0.04347727567415973,0.09746304963197393,0.14242586801126803,0.19341804169369067,0.3479654917684463,0.1918518749739876,0.045885878386814835,0.015331710159404004,0.003431035917925667
e50_huber_005_gate_sgg_resid_abs_pct_mean_q70,50,risk_gate,test,442008,0.06361831087670043,0.06377075602866777,0.041972434938916045,0.09503778542893569,0.14067684206841144,0.19258608275222894,0.34745767226567964,0.18446724946154822,0.04566433186729652,0.015117373441204684,0.0035157734701634358
e50_huber_005_gate_sgg_resid_abs_pct_mean_q70,50,risk_gate,recent_holdout,209468,0.06697921954000267,0.06747081632396301,0.044251113928695074,0.10009515487675033,0.14779605367861717,0.20173891610108705,0.36488921022653437,0.2003456375198121,0.050952890178929476,0.01763515190864476,0.004139057039738767
e50_huber_005_gate_sgg_resid_abs_pct_mean_q85,50,risk_gate,valid,384432,0.06455403896348917,0.06505146413468854,0.04327416257165961,0.097193385646194,0.1422310580953047,0.1932404446749237,0.3482084337195456,0.19114954010072002,0.04578443001623174,0.015349918841303534,0.003519478087151954
e50_huber_005_gate_sgg_resid_abs_pct_mean_q85,50,risk_gate,test,442008,0.06363676239975086,0.06386664427206881,0.04191190896264477,0.09514263518475091,0.1410330346090575,0.19327523712399822,0.34997778703327187,0.18479077301768293,0.04598333061845034,0.015361712910173572,0.003590432752348374
e50_huber_005_gate_sgg_resid_abs_pct_mean_q85,50,risk_gate,recent_holdout,209468,0.06685477420394742,0.06742397186062406,0.04417130522948812,0.09996991385466697,0.14777285160851547,0.2021210847612642,0.36659816450184135,0.19992552561727805,0.05122978211469055,0.017706761892031242,0.00422976301869498
e50_huber_005_gate_complex_resid_error_gt_20_rate_q50,50,risk_gate,valid,384432,0.06454468004948762,0.06490628008617914,0.043503744745813845,0.09701434894937962,0.14146411548114918,0.19170829183434748,0.3424929925633769,0.19038737670121114,0.04500926041536605,0.014845278228659425,0.003329587547342573
e50_huber_005_gate_complex_resid_error_gt_20_rate_q50,50,risk_gate,test,442008,0.06427887939758117,0.06426362941170305,0.04253725715959342,0.0957731448456334,0.14172986032570717,0.19318100890009915,0.34686828827215915,0.18664594305985413,0.04599464263090261,0.015196557528370527,0.003389078930698087
e50_huber_005_gate_complex_resid_error_gt_20_rate_q50,50,risk_gate,recent_holdout,209468,0.06748920117748754,0.06772010310739633,0.04470069753523635,0.10068886006159508,0.1484922688831597,0.20225567779519152,0.36449924525463745,0.2023602650524185,0.051282296102507306,0.017768823877632862,0.003986289075180935
e50_huber_005_gate_complex_resid_error_gt_20_rate_q70,50,risk_gate,valid,384432,0.06450342781969552,0.06488134628637658,0.04341909159712496,0.09709347193663398,0.14177854833807868,0.19211762438166052,0.3434392863021357,0.19074374661838764,0.045303200566029884,0.01497013776168477,0.0033608024305989094
e50_huber_005_gate_complex_resid_error_gt_20_rate_q70,50,risk_gate,test,442008,0.06403941616700931,0.06409736389719572,0.0422118594730638,0.09558762853692006,0.14152908255304333,0.19333272489364978,0.34827755660453497,0.18614821451195454,0.04611002515791569,0.015278004018026823,0.0034184901630739716
e50_huber_005_gate_complex_resid_error_gt_20_rate_q70,50,risk_gate,recent_holdout,209468,0.06727078834693186,0.06758346585943763,0.04447407897080869,0.10048816880725184,0.14820693552816194,0.20238480756373156,0.3653619100550947,0.20162984322187638,0.051392098077033245,0.017816563866557184,0.004014933068535528
e50_huber_005_gate_complex_resid_error_gt_20_rate_q85,50,risk_gate,valid,384432,0.06441685361928698,0.06483891237047869,0.04321178642051734,0.09706668137019518,0.14201247618198262,0.1926842221715289,0.34499478778219306,0.19070993049485996,0.045612748158321885,0.01509759853498148,0.0033998210346693303
e50_huber_005_gate_complex_resid_error_gt_20_rate_q85,50,risk_gate,test,442008,0.06388835133156867,0.06401513951951604,0.042038295567180736,0.09540148283070309,0.14144331846219652,0.1935049084371136,0.3490188673146675,0.1857387196611826,0.04618920924508154,0.015388861740059004,0.00346826301786393
e50_huber_005_gate_complex_resid_error_gt_20_rate_q85,50,risk_gate,recent_holdout,209468,0.06714544395826164,0.06752026489068372,0.04436541752252372,0.10035559888330427,0.1481111097856537,0.20272024033464853,0.36630294735969504,0.20125747130826666,0.05152099604712892,0.017878625852158804,0.004067447056352283
e50_huber_005_gate_sgg_resid_error_gt_20_rate_q50,50,risk_gate,valid,384432,0.06494865253764395,0.06528404123771887,0.04377834521955214,0.09741604106464763,0.14215296357918888,0.19284994892771162,0.34593346468073644,0.19167759187580638,0.045646564281849586,0.015186040704207766,0.003308777625171682
e50_huber_005_gate_sgg_resid_error_gt_20_rate_q50,50,risk_gate,test,442008,0.06435073747024203,0.06441397821154286,0.04250820738811434,0.09585473593198904,0.14181310609036132,0.19408686376559822,0.35120388830099014,0.1870667499230783,0.046573817668458486,0.015587953159218838,0.00353613509257751
e50_huber_005_gate_sgg_resid_error_gt_20_rate_q50,50,risk_gate,recent_holdout,209468,0.0671582278554727,0.06758667609746609,0.04436681241666977,0.1002276102116509,0.14801476250620316,0.2020661640224305,0.3655750847533013,0.20083258540684018,0.05112475413905704,0.01778791987320259,0.004091317050814444
e50_huber_005_gate_sgg_resid_error_gt_20_rate_q70,50,risk_gate,valid,384432,0.06495800147076564,0.06536462604349445,0.04367851519941331,0.09762101599868561,0.14259348484350493,0.19366875501040198,0.34893546295491656,0.19239813543097348,0.046034149082282434,0.015482582095142965,0.0034414408790111126
e50_huber_005_gate_sgg_resid_error_gt_20_rate_q70,50,risk_gate,test,442008,0.06419660891172228,0.06428304092266532,0.04234804227915938,0.09572706849722942,0.14175285972387586,0.19413166108770735,0.3511821308483958,0.18665951747479684,0.046528569618649436,0.015569853939295216,0.0035768583374056577
e50_huber_005_gate_sgg_resid_error_gt_20_rate_q70,50,risk_gate,recent_holdout,209468,0.06705478140856123,0.06753240560957122,0.04426146785046074,0.10011220112778199,0.14800113663830278,0.20218930200379362,0.3673032258696947,0.20044589149655317,0.05121068611912082,0.01785475585769664,0.004182023029770657
e50_huber_005_gate_sgg_resid_error_gt_20_rate_q85,50,risk_gate,valid,384432,0.06476542691723226,0.06522263874625402,0.04342402028518646,0.09744190232499808,0.1426060089360731,0.194002902793342,0.3504420127272548,0.19194031714321388,0.04626305822616224,0.015636055271153287,0.003566300412036459
e50_huber_005_gate_sgg_resid_error_gt_20_rate_q85,50,risk_gate,test,442008,0.0636201126593923,0.063840820137128,0.04188146660863236,0.09513021697302848,0.14110382866583682,0.1933676187289527,0.35034136942960226,0.18484733307994425,0.046048940290673475,0.015391124142549456,0.0036266311921956166
e50_huber_005_gate_sgg_resid_error_gt_20_rate_q85,50,risk_gate,recent_holdout,209468,0.06687194977309582,0.06745277320674155,0.0441818706819885,0.09997940125480702,0.14782153783298396,0.20222031462676762,0.36659816450184135,0.19993984761395536,0.05126320010693757,0.0177449538831707,0.004234537017587412
e50_huber_005_gate_complex_resid_confidence_q30,50,confidence_gate,valid,384432,0.06469042229889525,0.06498502559739877,0.04345462797014035,0.09729631938357047,0.14207229153243134,0.19282199999110053,0.34294425286015146,0.19132382319890123,0.04556592583343738,0.014915511715986183,0.003235942897573563
e50_huber_005_gate_complex_resid_confidence_q30,50,confidence_gate,test,442008,0.06430415515119708,0.06436877089059988,0.04231457104187089,0.09592671865318521,0.14201329230569712,0.19408108350259673,0.3473958698196183,0.18728394056216177,0.04654666883857306,0.015373024922625834,0.003389078930698087
e50_huber_005_gate_complex_resid_confidence_q30,50,confidence_gate,recent_holdout,209468,0.06753862558879858,0.06780951599349642,0.04452845040105985,0.10080306337220853,0.14873490215800547,0.20303307297712286,0.3664329354280589,0.20254167701033093,0.05175014799396566,0.018131647793457713,0.003919453090686883
e50_huber_005_gate_complex_resid_confidence_q50,50,confidence_gate,valid,384432,0.06472913993984908,0.06498177701433523,0.0435697736449685,0.09718978992340033,0.14178140695340863,0.19211353005280596,0.34184451279742817,0.19089721979439797,0.04513932242893411,0.014749032338619053,0.00323074041703084
e50_huber_005_gate_complex_resid_confidence_q50,50,confidence_gate,test,442008,0.0644926179536701,0.06449276837384625,0.042597532943800476,0.09608904133688877,0.14199494103875,0.19383805936974666,0.34673175337632683,0.18772058424281912,0.046374726249298656,0.015262167200593655,0.0033641925033031077
e50_huber_005_gate_complex_resid_confidence_q50,50,confidence_gate,recent_holdout,209468,0.06768240462947844,0.0678887420140312,0.04469045879340841,0.10101666114215355,0.14891505505275182,0.2029415447882057,0.366309073292954,0.20324822884641092,0.05167853801057918,0.018031393816716635,0.003890809097332289
e50_huber_005_gate_complex_resid_confidence_q70,50,confidence_gate,valid,384432,0.0647097044229373,0.06496022251304447,0.043669027193830416,0.09705848990843448,0.1414335165425671,0.19160965291396356,0.3409196581504569,0.19043940150663838,0.04484798351854164,0.014634577766679152,0.0031995255337745037
e50_huber_005_gate_complex_resid_confidence_q70,50,confidence_gate,test,442008,0.06467191444190894,0.06461259387473686,0.042876550984259194,0.09620220645726119,0.14194474756658298,0.19365046340349154,0.34583111649823917,0.18806446942136795,0.04626839333224738,0.015201082333351433,0.0033415684783985812
e50_huber_005_gate_complex_resid_confidence_q70,50,confidence_gate,recent_holdout,209468,0.0678418909171018,0.06798518637769249,0.04489846046524001,0.10117438516359444,0.14892911530353506,0.20274719599062344,0.3657262135975642,0.20362537475891307,0.05155441403937594,0.017955009834437718,0.003905131094009586
e50_huber_005_gate_sgg_resid_confidence_q30,50,confidence_gate,valid,384432,0.06501951134681225,0.0654591840177955,0.04370578090948436,0.09756048229001679,0.14281869187449056,0.19400049221614885,0.3499890022396874,0.19220824489116412,0.04628907062887585,0.015552815582469721,0.0035142756066092315
e50_huber_005_gate_sgg_resid_confidence_q30,50,confidence_gate,test,442008,0.0638681981535875,0.06410020705282651,0.042057861378137995,0.09531176336460728,0.14129056862438974,0.193756544023166,0.35127481258508686,0.18545139454489512,0.04629780456462326,0.015490669852129373,0.003617581582233806
e50_huber_005_gate_sgg_resid_confidence_q30,50,confidence_gate,recent_holdout,209468,0.06700702515865321,0.06756128140110915,0.0443322200587192,0.10010875093568264,0.1480343476489079,0.20223190457315207,0.36611580790650966,0.2004172475031986,0.0512966180991846,0.017797467870987453,0.00421066702312525
e50_huber_005_gate_sgg_resid_confidence_q50,50,confidence_gate,valid,384432,0.06508155471421298,0.06544773265590052,0.04387871756098152,0.09756961254678538,0.14244185562289213,0.1934150610996262,0.3470601974119951,0.19207037915678196,0.04593270071169934,0.015336912639946727,0.0033946185541266077
e50_huber_005_gate_sgg_resid_confidence_q50,50,confidence_gate,test,442008,0.06453515225533357,0.06464473070264198,0.0426846701834843,0.09602020400112217,0.14210628544361076,0.19461401357096872,0.3518243633645841,0.18770927223036687,0.046818157137427374,0.015730484516117357,0.0035723335324247523
e50_huber_005_gate_sgg_resid_confidence_q50,50,confidence_gate,recent_holdout,209468,0.06713287013976602,0.06761133745816135,0.044431688749880405,0.10021662641804284,0.14805510186536244,0.202306340068424,0.36609998424328744,0.20074187942788396,0.05132048809364676,0.017826111864342048,0.004172475031985793
e50_huber_005_gate_sgg_resid_confidence_q70,50,confidence_gate,valid,384432,0.06492424657696315,0.06526841109969682,0.043826920082592015,0.09719379883931883,0.14187891642576012,0.19249848905791309,0.3450348247146282,0.19075935406001582,0.045308403046572604,0.015045573729554252,0.003329587547342573
e50_huber_005_gate_sgg_resid_confidence_q70,50,confidence_gate,test,442008,0.0648356258026557,0.06481122967140353,0.04299940337871645,0.09628004782256484,0.1422694103664389,0.1945763209274601,0.3509141243456759,0.1884671770646685,0.046818157137427374,0.015635463611518345,0.0034976742502398146
e50_huber_005_gate_sgg_resid_confidence_q70,50,confidence_gate,recent_holdout,209468,0.0675337378389273,0.06790435114062134,0.04466206198566701,0.10073624483103742,0.14862363996705621,0.20305587092639169,0.3681492305013867,0.20232684706017148,0.05180266198178242,0.017969331831115015,0.004148605037523631
e50_huber_0075_blend_w25,50,static_blend,valid,384432,0.06437669205534084,0.06468032241826847,0.04335166212114455,0.09659423146185003,0.14126709849453895,0.19137013652334492,0.34181641494291826,0.18892027718816332,0.04487919840179798,0.014637179006950513,0.003256752819744454
e50_huber_0075_blend_w25,50,static_blend,test,442008,0.06428764135231899,0.06419540358358404,0.0426895587287529,0.09551289195555035,0.14122466587287122,0.19282903562489007,0.3462743230216081,0.1859061374454761,0.04576613997936689,0.015187507918408717,0.0033596676983222024
e50_huber_0075_blend_w25,50,static_blend,recent_holdout,209468,0.06761171102211723,0.06775028565547893,0.0448811606102926,0.10060991607311964,0.14818593692765752,0.20137049082058947,0.36383238327159034,0.20197834514102392,0.05089560219222029,0.017616055913075027,0.00391467909179445
e50_huber_0075_blend_w50,50,static_blend,valid,384432,0.06417266909967785,0.06452781896705877,0.04313404516963197,0.09648515284406284,0.14122917908968946,0.19161397303645866,0.34300343259468047,0.18864194447912766,0.044998855454280604,0.014733424896990885,0.003334790027885296
e50_huber_0075_blend_w50,50,static_blend,test,442008,0.06387674106317823,0.06384645453296801,0.04225954940614449,0.09521588483423282,0.14087380227705332,0.1926726969956277,0.34644017621619505,0.18487900671481058,0.04561682141499701,0.015214656748294149,0.0034184901630739716
e50_huber_0075_blend_w50,50,static_blend,recent_holdout,209468,0.06719824464122696,0.0674718441893087,0.04447238424456423,0.10006506435407828,0.14779693238389568,0.20151021072592692,0.36353396232713936,0.20023583554528615,0.0508669581988657,0.017487157942979357,0.0039719670785036375
e50_huber_0075_blend_w75,50,static_blend,valid,384432,0.06412957777456077,0.06456393058517203,0.04303203509175712,0.09656746956961644,0.14159818110611136,0.19199433369464466,0.3448559555921218,0.18882403129812295,0.04531100428684397,0.014879094352187122,0.0033972197943979688
e50_huber_0075_blend_w75,50,static_blend,test,442008,0.06363395766375558,0.06369753094215982,0.042016681191153066,0.09507845564948378,0.14083658806388938,0.19278308396032776,0.34773269193975326,0.18459394400101356,0.0455647861577166,0.01527574161553637,0.003475050225335288
e50_huber_0075_blend_w75,50,static_blend,recent_holdout,209468,0.06694981368660678,0.06736303760239364,0.04425350733888209,0.09998217452087521,0.14757512076234836,0.2014124040354279,0.36367509160686645,0.1999446216128478,0.05088128019554299,0.01760173391639773,0.00408176905302958
e50_huber_0075_gate_resid_expected_abs_pct_error_q50,50,risk_gate,valid,384432,0.06481994332963202,0.06527388038007972,0.04363890056620018,0.09737890844248642,0.14228992756910872,0.19303197688784152,0.3461119551906288,0.1916567819536355,0.04565436800266367,0.015074187372539226,0.0033582011903275483
e50_huber_0075_gate_resid_expected_abs_pct_error_q50,50,risk_gate,test,442008,0.06353362377157255,0.06367870315125011,0.04193647672462063,0.09508820634354113,0.14084451175499121,0.19261303787958048,0.3471850341730748,0.18457358237859947,0.045757090369405076,0.01513999746610921,0.0034660006153734773
e50_huber_0075_gate_resid_expected_abs_pct_error_q50,50,risk_gate,recent_holdout,209468,0.06683742566800384,0.0672967266151204,0.04420316866983218,0.09992217891815393,0.14747309521121527,0.20128818536673992,0.3625862316606926,0.1997536616571505,0.05068554624095327,0.01736780797066855,0.004076995054137148
e50_huber_0075_gate_resid_expected_abs_pct_error_q70,50,risk_gate,valid,384432,0.0648702367164984,0.06529486153251565,0.04359715483812364,0.0974308578716016,0.1426400057792037,0.19339748093164338,0.34755752199241485,0.19187528613642985,0.045995130478212014,0.01521205310692138,0.00341802971656886
e50_huber_0075_gate_resid_expected_abs_pct_error_q70,50,risk_gate,test,442008,0.06350945387874649,0.06363758226245607,0.04191595924416565,0.09504752558336826,0.14078188606631858,0.19238421415505852,0.3467129982205413,0.18444236303415323,0.04560098459756384,0.015115111038714232,0.0034637382128830246
e50_huber_0075_gate_resid_expected_abs_pct_error_q70,50,risk_gate,recent_holdout,209468,0.0668916071485703,0.06742051866275052,0.044210181975094784,0.09999254436744022,0.14776461091293402,0.20197612089010206,0.3646264654885264,0.19996371760841752,0.051143850134626766,0.01762082991196746,0.004162927034200928
e50_huber_0075_gate_resid_expected_abs_pct_error_q85,50,risk_gate,valid,384432,0.06427768566489689,0.06478217167225865,0.043070428940619535,0.09695748125901568,0.14225993904216092,0.19289893500880012,0.34663832525055294,0.19033014941524118,0.04574541141216132,0.015055978690639698,0.003480459483081533
e50_huber_0075_gate_resid_expected_abs_pct_error_q85,50,risk_gate,test,442008,0.06358568532169485,0.06374798267795707,0.041918238183996905,0.0951781309200382,0.14105113226051477,0.19312725181303178,0.34865053623833675,0.1849785524243905,0.04598106821595989,0.015345876092740404,0.003513511067672983
e50_huber_0075_gate_resid_expected_abs_pct_error_q85,50,risk_gate,recent_holdout,209468,0.066890390233667,0.06741210474257923,0.0442264274187955,0.09997895617380874,0.14778081499459808,0.2018995739979231,0.3644631165547992,0.1999350736150629,0.05108178814902515,0.01757786392193557,0.004153379036416063
e50_huber_0075_gate_best_resid_abs_pct_mean_q50,50,risk_gate,valid,384432,0.06481994332963202,0.06527388038007972,0.04363890056620018,0.09737890844248642,0.14228992756910872,0.19303197688784152,0.3461119551906288,0.1916567819536355,0.04565436800266367,0.015074187372539226,0.0033582011903275483
e50_huber_0075_gate_best_resid_abs_pct_mean_q50,50,risk_gate,test,442008,0.06353362377157255,0.06367870315125011,0.04193647672462063,0.09508820634354113,0.14084451175499121,0.19261303787958048,0.3471850341730748,0.18457358237859947,0.045757090369405076,0.01513999746610921,0.0034660006153734773
e50_huber_0075_gate_best_resid_abs_pct_mean_q50,50,risk_gate,recent_holdout,209468,0.06683742566800384,0.0672967266151204,0.04420316866983218,0.09992217891815393,0.14747309521121527,0.20128818536673992,0.3625862316606926,0.1997536616571505,0.05068554624095327,0.01736780797066855,0.004076995054137148
e50_huber_0075_gate_best_resid_abs_pct_mean_q70,50,risk_gate,valid,384432,0.0648702367164984,0.06529486153251565,0.04359715483812364,0.0974308578716016,0.1426400057792037,0.19339748093164338,0.34755752199241485,0.19187528613642985,0.045995130478212014,0.01521205310692138,0.00341802971656886
e50_huber_0075_gate_best_resid_abs_pct_mean_q70,50,risk_gate,test,442008,0.06350945387874649,0.06363758226245607,0.04191595924416565,0.09504752558336826,0.14078188606631858,0.19238421415505852,0.3467129982205413,0.18444236303415323,0.04560098459756384,0.015115111038714232,0.0034637382128830246
e50_huber_0075_gate_best_resid_abs_pct_mean_q70,50,risk_gate,recent_holdout,209468,0.0668916071485703,0.06742051866275052,0.044210181975094784,0.09999254436744022,0.14776461091293402,0.20197612089010206,0.3646264654885264,0.19996371760841752,0.051143850134626766,0.01762082991196746,0.004162927034200928
e50_huber_0075_gate_best_resid_abs_pct_mean_q85,50,risk_gate,valid,384432,0.06427768566489689,0.06478217167225865,0.043070428940619535,0.09695748125901568,0.14225993904216092,0.19289893500880012,0.34663832525055294,0.19033014941524118,0.04574541141216132,0.015055978690639698,0.003480459483081533
e50_huber_0075_gate_best_resid_abs_pct_mean_q85,50,risk_gate,test,442008,0.06358568532169485,0.06374798267795707,0.041918238183996905,0.0951781309200382,0.14105113226051477,0.19312725181303178,0.34865053623833675,0.1849785524243905,0.04598106821595989,0.015345876092740404,0.003513511067672983
e50_huber_0075_gate_best_resid_abs_pct_mean_q85,50,risk_gate,recent_holdout,209468,0.066890390233667,0.06741210474257923,0.0442264274187955,0.09997895617380874,0.14778081499459808,0.2018995739979231,0.3644631165547992,0.1999350736150629,0.05108178814902515,0.01757786392193557,0.004153379036416063
e50_huber_0075_gate_complex_resid_abs_pct_mean_q50,50,risk_gate,valid,384432,0.06457672104025311,0.06492550973921365,0.0435482548487177,0.09698694173670575,0.14161782367106626,0.19180432346988155,0.3418837576324743,0.1903223456944271,0.04493642568776793,0.014710013734548633,0.003274961501643984
e50_huber_0075_gate_complex_resid_abs_pct_mean_q50,50,risk_gate,test,442008,0.06419106378945338,0.0641847227809922,0.04239117143329943,0.09571267380904153,0.1416359797147459,0.19309007077676335,0.34691889795171643,0.18653961014280285,0.04593582016615084,0.015201082333351433,0.003327994063455865
e50_huber_0075_gate_complex_resid_abs_pct_mean_q50,50,risk_gate,recent_holdout,209468,0.06744595736966918,0.0676705278275345,0.044591258099525535,0.10074417607080537,0.14855186084729124,0.20198997393765733,0.3638487752230504,0.20228865506903201,0.051119980140164605,0.01766379590199935,0.00391467909179445
e50_huber_0075_gate_complex_resid_abs_pct_mean_q70,50,risk_gate,valid,384432,0.06450685700022447,0.0648622183446317,0.043402381725401104,0.0970618653728937,0.141877633095837,0.19213608010996533,0.34213595162580607,0.19058767220210596,0.045264181961959464,0.01481666458567445,0.003290568943272152
e50_huber_0075_gate_complex_resid_abs_pct_mean_q70,50,risk_gate,test,442008,0.0640421416266016,0.06410390688121168,0.04221194334087899,0.09560058796724333,0.1416374655836946,0.19327705487087055,0.3475296341320647,0.1861685761343686,0.04603084107074985,0.01526669200557456,0.003370979710774466
e50_huber_0075_gate_complex_resid_abs_pct_mean_q70,50,risk_gate,recent_holdout,209468,0.06728165765252185,0.06758207053795293,0.044447940004050925,0.10048983081547674,0.14837754885611987,0.20205386128323263,0.3646069514912484,0.20143410926728664,0.05111520614127218,0.017697213894246378,0.003952871082933909
e50_huber_0075_gate_complex_resid_abs_pct_mean_q85,50,risk_gate,valid,384432,0.064405379730896,0.06483166910742295,0.04324293359655468,0.0970364892239109,0.14211784442113798,0.1924734533689039,0.34344795208937884,0.19053044491613602,0.045534710950181044,0.014923315436800266,0.0033113788654430434
e50_huber_0075_gate_complex_resid_abs_pct_mean_q85,50,risk_gate,test,442008,0.06389989895615016,0.06403020893312734,0.0420669516023192,0.09546995239630965,0.14147201587373764,0.19322533607133924,0.3484119804237043,0.18592197426290927,0.04606251470561619,0.015370762520135382,0.0034026533456408027
e50_huber_0075_gate_complex_resid_abs_pct_mean_q85,50,risk_gate,recent_holdout,209468,0.06717528190516556,0.06753976283445114,0.0443773274502601,0.10036474912740416,0.14825933643964598,0.2022410971919515,0.3652807548200315,0.20107605935035422,0.051201138121335955,0.017797467870987453,0.004038803062997689
e50_huber_0075_gate_sgg_resid_abs_pct_mean_q50,50,risk_gate,valid,384432,0.06485330725977362,0.06522787914924598,0.043764019793935696,0.09736509538561587,0.1421418382371014,0.19266001118575,0.3444911240979244,0.19139925916677072,0.04554511591126649,0.01497013776168477,0.003287967703000791
e50_huber_0075_gate_sgg_resid_abs_pct_mean_q50,50,risk_gate,test,442008,0.06402698949539985,0.06412029229542965,0.04230315562353555,0.09554446087128673,0.14139507015726016,0.1931957941016692,0.3479895329635854,0.1860215199724892,0.04597880581346944,0.01526669200557456,0.003450163797940309
e50_huber_0075_gate_sgg_resid_abs_pct_mean_q50,50,risk_gate,recent_holdout,209468,0.06704941557763805,0.06747358300371888,0.044322763652031985,0.10015241995166063,0.1478849369539598,0.20162447914055784,0.363419934665754,0.20054137147440182,0.050886054194435426,0.017582637920828002,0.004038803062997689
e50_huber_0075_gate_sgg_resid_abs_pct_mean_q70,50,risk_gate,valid,384432,0.06468601786499792,0.06512570948177826,0.04345599678819545,0.09732651942717517,0.14237238450435225,0.19289183167463417,0.3461119551906288,0.19136804428351437,0.04569078536646273,0.015092396054438757,0.0033529987097848254
e50_huber_0075_gate_sgg_resid_abs_pct_mean_q70,50,risk_gate,test,442008,0.06368064651777168,0.0638218640587481,0.042036022594482705,0.0951573367078094,0.14082884626588463,0.19262599808550795,0.347057012136442,0.18484507067745382,0.04563944543990154,0.015162621491013738,0.003461475810392572
e50_huber_0075_gate_sgg_resid_abs_pct_mean_q70,50,risk_gate,recent_holdout,209468,0.06703295207489726,0.0674995249321974,0.04431157969918778,0.10014760647280764,0.1479415429315821,0.20177241315516412,0.3642651750626943,0.20046976149101534,0.05096243817671434,0.017592185918612866,0.004096091049706876
e50_huber_0075_gate_sgg_resid_abs_pct_mean_q85,50,risk_gate,valid,384432,0.06448508138972153,0.06499017940518748,0.04326278269639969,0.0971085307066915,0.14223879401165343,0.19266614406765833,0.34653616955338584,0.1908269863070712,0.045594539476422356,0.015092396054438757,0.0034154284762974987
e50_huber_0075_gate_sgg_resid_abs_pct_mean_q85,50,risk_gate,test,442008,0.06368152152247472,0.06389636274936644,0.04198698602952698,0.0952568062588217,0.14113864223607747,0.19304908097411383,0.3488123965349354,0.185145970208684,0.04589509692132269,0.015336826482778593,0.003508986262692078
e50_huber_0075_gate_sgg_resid_abs_pct_mean_q85,50,risk_gate,recent_holdout,209468,0.06690779353078825,0.06744540670113129,0.04422509524050673,0.10001427021760875,0.14784664190115157,0.20195743048536982,0.36498983512200883,0.2000496495884813,0.0511486241335192,0.01762082991196746,0.004182023029770657
e50_huber_0075_gate_complex_resid_error_gt_20_rate_q50,50,risk_gate,valid,384432,0.06451694307276955,0.06489891318739367,0.043510983003709314,0.09691627386532678,0.14146425693326709,0.19155696793799915,0.3416576336319429,0.19009603779081866,0.04495723560993882,0.014746431098347692,0.0032853664627294295
e50_huber_0075_gate_complex_resid_error_gt_20_rate_q50,50,risk_gate,test,442008,0.06428001341316181,0.06427517387038408,0.04254668292893478,0.09578767487630345,0.1417041850461032,0.1930642325200795,0.34625997428955185,0.18674322636694357,0.045967493801017174,0.015173933503466,0.0033574052958317497
e50_huber_0075_gate_complex_resid_error_gt_20_rate_q50,50,risk_gate,recent_holdout,209468,0.06749432051910519,0.06773331785114947,0.044695189829118846,0.10071514779213817,0.14855346358770224,0.20201163180104634,0.3638675639636225,0.2022695590734623,0.05111520614127218,0.01765902190310692,0.0039719670785036375
e50_huber_0075_gate_complex_resid_error_gt_20_rate_q70,50,risk_gate,valid,384432,0.06446270064356087,0.06486226245664403,0.04340529933130899,0.09697661057543233,0.14179542045360535,0.1919189945910697,0.34245049907718905,0.1903639655387689,0.045232967078703126,0.014850480709202148,0.003303575144628959
e50_huber_0075_gate_complex_resid_error_gt_20_rate_q70,50,risk_gate,test,442008,0.06404628016939153,0.06411460098200553,0.042249261868084254,0.0956388491752273,0.14157671786525303,0.19315882847368293,0.3472704797740418,0.1862635970389676,0.0460331034732403,0.015248592785650938,0.003380029320736276
e50_huber_0075_gate_complex_resid_error_gt_20_rate_q70,50,risk_gate,recent_holdout,209468,0.06728055028956034,0.06759906835305152,0.04447388733957628,0.1004703665972303,0.14822312794715697,0.20215042302089423,0.3643327339650939,0.20139114327725477,0.05115339813241163,0.017697213894246378,0.004005385070750663
e50_huber_0075_gate_complex_resid_error_gt_20_rate_q85,50,risk_gate,valid,384432,0.06436961507881656,0.06481135718572444,0.04320655699837787,0.09696410569086371,0.14202985908498364,0.192415707511115,0.3433693024482905,0.19033795313605528,0.04544887002122612,0.014936321638157073,0.0033399925084280184
e50_huber_0075_gate_complex_resid_error_gt_20_rate_q85,50,risk_gate,test,442008,0.06389715730726364,0.064030580398618,0.04209329808617941,0.09549141285125821,0.14149232497799397,0.19322533607133924,0.34828127153017835,0.1859875839351324,0.04605572749814483,0.015368500117644929,0.0034207525655644243
e50_huber_0075_gate_complex_resid_error_gt_20_rate_q85,50,risk_gate,recent_holdout,209468,0.06716138785714838,0.06753960879650277,0.04437543099084702,0.10037479110115789,0.14816934281578753,0.20234902423047849,0.36442972652519734,0.20111902534038612,0.05126320010693757,0.017711535890923672,0.0040578990585674185
e50_huber_0075_gate_sgg_resid_error_gt_20_rate_q50,50,risk_gate,valid,384432,0.06489937498975251,0.06525772093975657,0.04378967590804232,0.09736676364487706,0.1421352078017936,0.1925962594467576,0.34449729548452707,0.19140446164731345,0.04552170474882424,0.015050776210096975,0.0032853664627294295
e50_huber_0075_gate_sgg_resid_error_gt_20_rate_q50,50,risk_gate,test,442008,0.0643255133306,0.06439538234042155,0.042523029970299636,0.0959026236632184,0.1417987081752658,0.1938330613628205,0.3497720085968293,0.18708258674051148,0.04635888943186549,0.015540442706919332,0.0034908870427684566
e50_huber_0075_gate_sgg_resid_error_gt_20_rate_q50,50,risk_gate,recent_holdout,209468,0.06719463422251727,0.06760675379193178,0.04440830458542844,0.10029545092054926,0.1480733276362428,0.202045269593849,0.3648053475613132,0.2009662573758283,0.051119980140164605,0.017730631886493403,0.0040578990585674185
e50_huber_0075_gate_sgg_resid_error_gt_20_rate_q70,50,risk_gate,valid,384432,0.0648679307649033,0.0652948539054907,0.04365924251378651,0.09752131834685622,0.1425006612416348,0.19304467498648173,0.3469442436636209,0.1919325134223998,0.045833853581387606,0.01524847047072044,0.0033582011903275483
e50_huber_0075_gate_sgg_resid_error_gt_20_rate_q70,50,risk_gate,test,442008,0.06417376984977764,0.06426427750021525,0.04238470359384652,0.0957759807910865,0.14173967693885026,0.19381135320450715,0.3496404702421105,0.18670702792709634,0.046270655734737834,0.015497457059600732,0.0035157734701634358
e50_huber_0075_gate_sgg_resid_error_gt_20_rate_q70,50,risk_gate,recent_holdout,209468,0.06708660226001238,0.0675417119534279,0.044308039752617226,0.10017902697593925,0.148083836759847,0.20199443391946506,0.365487270057011,0.200598659461111,0.05113907613573434,0.017754501880955564,0.004143831038631199
e50_huber_0075_gate_sgg_resid_error_gt_20_rate_q85,50,risk_gate,valid,384432,0.06466720799922074,0.06514236112982949,0.04339691568976965,0.09732940674460709,0.142533841142312,0.1933609260585869,0.3478991196302714,0.19149290381653972,0.04597432055604112,0.015355121321846256,0.0034492445998251966
e50_huber_0075_gate_sgg_resid_error_gt_20_rate_q85,50,risk_gate,test,442008,0.06366638207083006,0.06387405037405842,0.04196659018015832,0.09524845990309791,0.14121308145039382,0.19316440493919834,0.3493470519247617,0.18520253027094533,0.045962968996036274,0.01535945050768312,0.00353613509257751
e50_huber_0075_gate_sgg_resid_error_gt_20_rate_q85,50,risk_gate,recent_holdout,209468,0.06692239745730788,0.06747144520535334,0.04424223986231979,0.10003614116884424,0.14789822359769175,0.20197668154381754,0.3650334215255239,0.2001069375751905,0.05115339813241163,0.017654247904214486,0.004186797028663089
e50_huber_0075_gate_complex_resid_confidence_q30,50,confidence_gate,valid,384432,0.06464534423981165,0.06495969554711493,0.043448383907792404,0.0971840767306846,0.1421142828862463,0.1924734533689039,0.34224952394628005,0.19099866816498107,0.04543066133932659,0.014858284430016232,0.0032203354559453947
e50_huber_0075_gate_complex_resid_confidence_q30,50,confidence_gate,test,442008,0.06428664161518469,0.06436418669584779,0.04234976963251084,0.09594972121950693,0.1420098368516103,0.19384801667835075,0.3475167162683179,0.18724547971982408,0.046401875079184085,0.015363975312664023,0.003375504515755371
e50_huber_0075_gate_complex_resid_confidence_q30,50,confidence_gate,recent_holdout,209468,0.06751472962375178,0.06779253020779887,0.044518433963391654,0.10074574179486669,0.14877021862256146,0.20279478811995943,0.3660502544774213,0.20230297706570932,0.05154964004048351,0.017993201825577176,0.003924227089579315
e50_huber_0075_gate_complex_resid_confidence_q50,50,confidence_gate,valid,384432,0.06469413345961209,0.06496459304698357,0.04358375931300851,0.0971141039947839,0.14177878952934211,0.1919233279460695,0.3418261381685598,0.1906266908061764,0.045115911266491865,0.01474382985807633,0.003215132975402672
e50_huber_0075_gate_complex_resid_confidence_q50,50,confidence_gate,test,442008,0.06446816346648411,0.0644826106503317,0.04261206785930013,0.09608106075758144,0.1419858490188136,0.1937135744560246,0.3468569871380479,0.18766628658304826,0.04629101735715191,0.015293840835459992,0.0033574052958317497
e50_huber_0075_gate_complex_resid_confidence_q50,50,confidence_gate,recent_holdout,209468,0.06765656931742661,0.06787159259176045,0.04466998202498849,0.10096773803019554,0.14889322630633617,0.20274844956944169,0.3655948519756449,0.20299998090400442,0.05149712605266676,0.01793591383886799,0.003890809097332289
e50_huber_0075_gate_complex_resid_confidence_q70,50,confidence_gate,valid,384432,0.06469477431114953,0.06495706564377562,0.043698227348696606,0.09701043761439572,0.14135567895589599,0.1914330506902338,0.3410061875930005,0.19021309360302993,0.04483497731718483,0.014618970325050985,0.0031917218129604197
e50_huber_0075_gate_complex_resid_confidence_q70,50,confidence_gate,test,442008,0.06464962116390582,0.06460193480833858,0.042865017364474296,0.09617900640158228,0.14194938139929497,0.19358564586912805,0.34583113006279026,0.18800112215163525,0.04623219489240014,0.01519881993086098,0.003334781270927223
e50_huber_0075_gate_complex_resid_confidence_q70,50,confidence_gate,recent_holdout,209468,0.06781623567074793,0.06796758626217782,0.04491843611992581,0.10110314392015518,0.1489847463413446,0.20251424566777157,0.36525573624891405,0.20343441480321578,0.05133003609143163,0.01787385185326637,0.0039099050929020185
e50_huber_0075_gate_sgg_resid_confidence_q30,50,confidence_gate,valid,384432,0.06491784537805327,0.06537063162044193,0.04367551601370184,0.09747537178687483,0.14276672017226688,0.19341973866716827,0.3476844850703068,0.19174002164231907,0.046002934199026096,0.015318703958047197,0.0034076247554834147
e50_huber_0075_gate_sgg_resid_confidence_q30,50,confidence_gate,test,442008,0.06389697982864055,0.06411615402890734,0.042118993533945846,0.09537031999531692,0.1414192687042501,0.19362060122531652,0.34997197035725597,0.18563917395160268,0.046207308465005155,0.01543637219235851,0.0035338726900870573
e50_huber_0075_gate_sgg_resid_confidence_q30,50,confidence_gate,recent_holdout,209468,0.06705074615231892,0.06758826545918956,0.044380294330400465,0.1001553548422886,0.14805769003175884,0.20205308255131924,0.36489803863545955,0.20052227547883208,0.05127274810472244,0.01772585788760097,0.004186797028663089
e50_huber_0075_gate_sgg_resid_confidence_q50,50,confidence_gate,valid,384432,0.06500035156610623,0.06537748882259933,0.043855518179403044,0.09748298672569053,0.14233867750389112,0.1928912604107065,0.3459397563184981,0.19168799683689183,0.0457402089316186,0.015157427061222792,0.0033139801057144045
e50_huber_0075_gate_sgg_resid_confidence_q50,50,confidence_gate,test,442008,0.06449663278828803,0.0646049754552759,0.0426977932543066,0.09603948741364733,0.14205613351921967,0.19427774361361907,0.3505279054356506,0.18754864165354473,0.04661001610830573,0.01565808763642287,0.0035067238602016254
e50_huber_0075_gate_sgg_resid_confidence_q50,50,confidence_gate,recent_holdout,209468,0.06716740469681602,0.06763482846140335,0.044463219144074216,0.10026975775811818,0.14813830922822094,0.20207758987770075,0.36489803863545955,0.20084213340462506,0.05125365210915271,0.017759275879847995,0.004153379036416063
e50_huber_0075_gate_sgg_resid_confidence_q70,50,confidence_gate,valid,384432,0.06488304016040922,0.06523763074779933,0.04382284782720236,0.0971378914238086,0.14181501148181053,0.1923213666550558,0.3440133303336833,0.1906188870853623,0.04531100428684397,0.014972739001956132,0.003282765222458068
e50_huber_0075_gate_sgg_resid_confidence_q70,50,confidence_gate,test,442008,0.06477635335084768,0.06475876053598238,0.04299835244778084,0.09628973200980098,0.14220425431652625,0.19423018225190367,0.34974043007888134,0.18832238330527953,0.046585129680910754,0.015551754719371595,0.0034569510054116665
e50_huber_0075_gate_sgg_resid_confidence_q70,50,confidence_gate,recent_holdout,209468,0.06751727854194396,0.06787424277708129,0.04466375025726613,0.10070943081742921,0.14859424691346992,0.20262860552989012,0.36672652690810487,0.20212156510779689,0.05155441403937594,0.017869077854373937,0.004129509041953902
e50_huber_010_blend_w25,50,static_blend,valid,384432,0.06417903896607849,0.06449177673170113,0.043184585428982084,0.09633820648857014,0.14081775325471982,0.19111711385093216,0.3415526255185627,0.18786937611853333,0.0445748532900487,0.014538331876638782,0.0032723602613726225
e50_huber_010_blend_w25,50,static_blend,test,442008,0.06403513081233225,0.06396257216736399,0.042461788262700126,0.09516075290176847,0.14069652510628736,0.19229117946097238,0.3452877558748406,0.18482244665254927,0.04544714122821306,0.015067600586414726,0.003373242113264918
e50_huber_010_blend_w25,50,static_blend,recent_holdout,209468,0.06735753866993578,0.0675189830075326,0.044719608989298595,0.10022997195317947,0.14759960879447506,0.20105434059227356,0.3624992050571919,0.2008039414134856,0.05063780625202895,0.01738212996734585,0.00391467909179445
e50_huber_010_blend_w50,50,static_blend,valid,384432,0.06390277414439766,0.06427305911864775,0.04287979033826883,0.09603130852430292,0.14072465010071475,0.19124706437527247,0.34381362600382764,0.1870890040371249,0.04467630166063179,0.014670995130478212,0.0033894160735838848
e50_huber_010_blend_w50,50,static_blend,test,442008,0.06348448779532342,0.06348812988315118,0.04193666780842803,0.09466076413901335,0.1400066329948666,0.19179406637822227,0.3450765586038513,0.18317994244448063,0.045277461041429115,0.01509701181879061,0.0034592134079021192
e50_huber_010_blend_w50,50,static_blend,recent_holdout,209468,0.06680319637017504,0.06711646700217702,0.04411323847100524,0.09946514544161836,0.14694921980423492,0.20094898114511622,0.3617950611181284,0.19824030400824946,0.05059484026199706,0.017377355968453415,0.004034029064105257
e50_huber_010_blend_w75,50,static_blend,valid,384432,0.0639221595137287,0.06437601195258572,0.04271613716001588,0.09624403460709553,0.1413045711789099,0.1922088607997067,0.34700805582282124,0.1876352644941108,0.04527458692304491,0.01509759853498148,0.0035480917301369294
e50_huber_010_blend_w75,50,static_blend,test,442008,0.06323262731659784,0.06334055490900134,0.041611564825511635,0.09440856492512245,0.14001107183201233,0.19213649892986023,0.3476917246125121,0.18269578831152378,0.04544487882572261,0.015311940055383612,0.00353613509257751
e50_huber_010_blend_w75,50,static_blend,recent_holdout,209468,0.06654253885033014,0.06700765264818284,0.0438683553853545,0.09932428179884023,0.14688953700624555,0.20120131438727282,0.36413754604489784,0.19804457005365975,0.05066645024538354,0.017544445929688544,0.004172475031985793
e50_huber_010_gate_resid_expected_abs_pct_error_q50,50,risk_gate,valid,384432,0.06492226879121182,0.06535559316220532,0.04360513023905434,0.09737775156567961,0.1426274295382152,0.1939070840434741,0.3483842178559426,0.19171921172014816,0.04610698380988055,0.015370728763474424,0.0034154284762974987
e50_huber_010_gate_resid_expected_abs_pct_error_q50,50,risk_gate,test,442008,0.06318683214247228,0.06340766593897436,0.04165291281523817,0.09449313936222108,0.1401217920512849,0.19221766064260382,0.3474661355049619,0.18275008597129463,0.045603247000054296,0.01522370635825596,0.0035587591174820366
e50_huber_010_gate_resid_expected_abs_pct_error_q50,50,risk_gate,recent_holdout,209468,0.06646909804622227,0.06700838828080216,0.04378332704739282,0.09941939513120927,0.14658106371792481,0.20101742460692665,0.3648390613275373,0.19819256401932514,0.05056619626864246,0.017439417954055035,0.004196345026447954
e50_huber_010_gate_resid_expected_abs_pct_error_q70,50,risk_gate,valid,384432,0.06501663413897514,0.06539619160430978,0.04355813317161834,0.09746511026568071,0.14301987398807275,0.19459501051691347,0.3508120227957362,0.1920729803970533,0.04659081450035377,0.015651662712781456,0.0035220793274233155
e50_huber_010_gate_resid_expected_abs_pct_error_q70,50,risk_gate,test,442008,0.06317563252584674,0.06336876272918099,0.04163763035776918,0.09444138168094689,0.14001372533489737,0.1921397313109325,0.34683141851835037,0.18260755461439612,0.04551953810790755,0.015196557528370527,0.003556496714991584
e50_huber_010_gate_resid_expected_abs_pct_error_q70,50,risk_gate,recent_holdout,209468,0.06657582382841189,0.06719322110013153,0.04379225676793319,0.09955695352685413,0.14701044795332435,0.20192913515707733,0.36750070934875323,0.19863654591632135,0.05108178814902515,0.017783145874310156,0.004320468997651193
e50_huber_010_gate_resid_expected_abs_pct_error_q85,50,risk_gate,valid,384432,0.06428375979303091,0.06482209383506903,0.04292466055068628,0.09692437293123383,0.1424341759346293,0.19408022567921662,0.3505184065854888,0.19034055437632663,0.04632028551213219,0.015461772172972073,0.0036469388604486617
e50_huber_010_gate_resid_expected_abs_pct_error_q85,50,risk_gate,test,442008,0.06331630966497405,0.06353955923120258,0.04163042602401551,0.09463714445037144,0.14048763815066329,0.19322877899277288,0.3499017623999202,0.18336998425367868,0.04607835152304936,0.015524605889486164,0.003628893594686069
e50_huber_010_gate_resid_expected_abs_pct_error_q85,50,risk_gate,recent_holdout,209468,0.0665935484152738,0.06719472490099163,0.043810162124695934,0.09956147422325817,0.14717581151066547,0.201991194876502,0.367404575128618,0.19865564191189108,0.051110432142379744,0.017797467870987453,0.004320468997651193
e50_huber_010_gate_best_resid_abs_pct_mean_q50,50,risk_gate,valid,384432,0.06492226879121182,0.06535559316220532,0.04360513023905434,0.09737775156567961,0.1426274295382152,0.1939070840434741,0.3483842178559426,0.19171921172014816,0.04610698380988055,0.015370728763474424,0.0034154284762974987
e50_huber_010_gate_best_resid_abs_pct_mean_q50,50,risk_gate,test,442008,0.06318683214247228,0.06340766593897436,0.04165291281523817,0.09449313936222108,0.1401217920512849,0.19221766064260382,0.3474661355049619,0.18275008597129463,0.045603247000054296,0.01522370635825596,0.0035587591174820366
e50_huber_010_gate_best_resid_abs_pct_mean_q50,50,risk_gate,recent_holdout,209468,0.06646909804622227,0.06700838828080216,0.04378332704739282,0.09941939513120927,0.14658106371792481,0.20101742460692665,0.3648390613275373,0.19819256401932514,0.05056619626864246,0.017439417954055035,0.004196345026447954
e50_huber_010_gate_best_resid_abs_pct_mean_q70,50,risk_gate,valid,384432,0.06501663413897514,0.06539619160430978,0.04355813317161834,0.09746511026568071,0.14301987398807275,0.19459501051691347,0.3508120227957362,0.1920729803970533,0.04659081450035377,0.015651662712781456,0.0035220793274233155
e50_huber_010_gate_best_resid_abs_pct_mean_q70,50,risk_gate,test,442008,0.06317563252584674,0.06336876272918099,0.04163763035776918,0.09444138168094689,0.14001372533489737,0.1921397313109325,0.34683141851835037,0.18260755461439612,0.04551953810790755,0.015196557528370527,0.003556496714991584
e50_huber_010_gate_best_resid_abs_pct_mean_q70,50,risk_gate,recent_holdout,209468,0.06657582382841189,0.06719322110013153,0.04379225676793319,0.09955695352685413,0.14701044795332435,0.20192913515707733,0.36750070934875323,0.19863654591632135,0.05108178814902515,0.017783145874310156,0.004320468997651193
e50_huber_010_gate_best_resid_abs_pct_mean_q85,50,risk_gate,valid,384432,0.06428375979303091,0.06482209383506903,0.04292466055068628,0.09692437293123383,0.1424341759346293,0.19408022567921662,0.3505184065854888,0.19034055437632663,0.04632028551213219,0.015461772172972073,0.0036469388604486617
e50_huber_010_gate_best_resid_abs_pct_mean_q85,50,risk_gate,test,442008,0.06331630966497405,0.06353955923120258,0.04163042602401551,0.09463714445037144,0.14048763815066329,0.19322877899277288,0.3499017623999202,0.18336998425367868,0.04607835152304936,0.015524605889486164,0.003628893594686069
e50_huber_010_gate_best_resid_abs_pct_mean_q85,50,risk_gate,recent_holdout,209468,0.0665935484152738,0.06719472490099163,0.043810162124695934,0.09956147422325817,0.14717581151066547,0.201991194876502,0.367404575128618,0.19865564191189108,0.051110432142379744,0.017797467870987453,0.004320468997651193
e50_huber_010_gate_complex_resid_abs_pct_mean_q50,50,risk_gate,valid,384432,0.06457620380990561,0.06488871507057686,0.0434771459679498,0.09705844194530318,0.1416034615770188,0.19197861718376,0.3425143300601553,0.19046801514962333,0.044998855454280604,0.014777645981604028,0.0032931701835435135
e50_huber_010_gate_complex_resid_abs_pct_mean_q50,50,risk_gate,test,442008,0.06410116062310758,0.0640778374964253,0.04227962449068569,0.09552942562624503,0.14139405216556764,0.19308276644984262,0.34796226207389325,0.18610070405965504,0.04595391938607446,0.015241805578179581,0.003370979710774466
e50_huber_010_gate_complex_resid_abs_pct_mean_q50,50,risk_gate,recent_holdout,209468,0.06735553570974201,0.06756084157159105,0.04438372566472995,0.10062737912394991,0.14814833138368555,0.2025177111499441,0.36471354281078994,0.20190673515763743,0.05137300208146352,0.017807015868772317,0.003952871082933909
e50_huber_010_gate_complex_resid_abs_pct_mean_q70,50,risk_gate,valid,384432,0.06454200466377241,0.06485047037195922,0.043330570822026404,0.09716955201425248,0.14200166207900686,0.1926483527784603,0.3431633990165299,0.19089982103466932,0.04542285761851251,0.014938922878428434,0.0033269863070712114
e50_huber_010_gate_complex_resid_abs_pct_mean_q70,50,risk_gate,test,442008,0.06395404878238212,0.06398999035410463,0.04207230929836658,0.09538039573108106,0.14144777957535754,0.193390197067655,0.34881718791144445,0.18575003167363488,0.04610776275542524,0.01534361369024995,0.003416227760583519
e50_huber_010_gate_complex_resid_abs_pct_mean_q70,50,risk_gate,recent_holdout,209468,0.06716920489038582,0.06744700527002966,0.04418504619970659,0.10036710681747399,0.1480452819922527,0.2027489691858652,0.3661589874372707,0.2011476693337407,0.05139687207592568,0.017892947848836098,0.004024481066320393
e50_huber_010_gate_complex_resid_abs_pct_mean_q85,50,risk_gate,valid,384432,0.06444485324128388,0.06482804623206723,0.04312929944735799,0.09709965018658426,0.14227250893181578,0.1933672727327618,0.3449157014571251,0.1907385441378449,0.045872872185458026,0.015113205976609647,0.0033660049111416323
e50_huber_010_gate_complex_resid_abs_pct_mean_q85,50,risk_gate,test,442008,0.06378642470307273,0.0638964850880281,0.04188468924547428,0.0951421530131269,0.14133313144410545,0.19356235751111772,0.3495458111898423,0.1850894101464227,0.04630232936960417,0.0154703082297153,0.0034592134079021192
e50_huber_010_gate_complex_resid_abs_pct_mean_q85,50,risk_gate,recent_holdout,209468,0.06705522407342829,0.06739933240661426,0.04404375269699516,0.10016985659952322,0.14798170696736984,0.20302360758700524,0.36825749533613017,0.2005079534821548,0.051597380029407836,0.018117325796780416,0.004115187045276606
e50_huber_010_gate_sgg_resid_abs_pct_mean_q50,50,risk_gate,valid,384432,0.0649524168527301,0.06527231579391864,0.04373085411374484,0.09730270123798951,0.14236386673080892,0.19322212583338413,0.34656678499546695,0.19139145544595662,0.04573240521080451,0.01519124318475049,0.003321783826528489
e50_huber_010_gate_sgg_resid_abs_pct_mean_q50,50,risk_gate,test,442008,0.06389843322568564,0.06399542641123565,0.0421352630326565,0.09522757259946228,0.1410985911662905,0.19326634221520955,0.3491421561674052,0.18520931747841668,0.04612586197534886,0.015298365640440898,0.0035067238602016254
e50_huber_010_gate_sgg_resid_abs_pct_mean_q50,50,risk_gate,recent_holdout,209468,0.06676929272186974,0.06723832484197166,0.043948560295793734,0.09976109952511321,0.14724328084735921,0.20149763064534976,0.3655598312021788,0.19926193977122997,0.05081444421104894,0.01772585788760097,0.004134283040846335
e50_huber_010_gate_sgg_resid_abs_pct_mean_q70,50,risk_gate,valid,384432,0.06482274639642917,0.06522092801015503,0.04341947716534694,0.09740451408796268,0.14271609268151847,0.1939687399590814,0.3492747242470379,0.1917634328047613,0.04609137636825238,0.015412348607816206,0.0034414408790111126
e50_huber_010_gate_sgg_resid_abs_pct_mean_q70,50,risk_gate,test,442008,0.06340855234197638,0.06358798971173492,0.041812048307713276,0.09467621287795593,0.14020030369656505,0.19246144450511848,0.3469228210774993,0.18345821795080633,0.04560098459756384,0.015142259868599663,0.0035383974950679627
e50_huber_010_gate_sgg_resid_abs_pct_mean_q70,50,risk_gate,recent_holdout,209468,0.0667760158616428,0.06728819084796028,0.04392570718837807,0.0997428887921226,0.14724741157713844,0.2019078709008365,0.3667684628469104,0.19921419978230565,0.05102450016231596,0.01781178986766475,0.004220215020910115
e50_huber_010_gate_sgg_resid_abs_pct_mean_q85,50,risk_gate,valid,384432,0.06455997002322432,0.06504939043113837,0.04314893477426822,0.09709383044677301,0.14240296742131955,0.19382587650446625,0.3492991360988568,0.19088681483331252,0.0460965788487951,0.015409747367544845,0.0035428892495942064
e50_huber_010_gate_sgg_resid_abs_pct_mean_q85,50,risk_gate,test,442008,0.06342796177002673,0.06368831637242592,0.0417036727642013,0.09472605447599722,0.14062875682622517,0.19318292515673982,0.3497934207507781,0.18372744384717019,0.046019529058297585,0.015454471412282131,0.003617581582233806
e50_huber_010_gate_sgg_resid_abs_pct_mean_q85,50,risk_gate,recent_holdout,209468,0.06662375125456006,0.0672286838951405,0.04379038688256214,0.09961654056000857,0.14724328084735921,0.20231243568448815,0.3683201446122614,0.19874157389195485,0.05125365210915271,0.017835659862126912,0.004320468997651193
e50_huber_010_gate_complex_resid_error_gt_20_rate_q50,50,risk_gate,valid,384432,0.06449516464082806,0.0648480867196031,0.043414347181745125,0.09688361168496006,0.1413881773592157,0.19170829183434748,0.34255591167536703,0.19001539934240647,0.044972843051566985,0.014834873267573979,0.003329587547342573
e50_huber_010_gate_complex_resid_error_gt_20_rate_q50,50,risk_gate,test,442008,0.0641934030998074,0.06417528692180713,0.04244420150892077,0.09563256895544192,0.14149673282015968,0.19314687720219628,0.3469288861908347,0.18626133463647718,0.046019529058297585,0.015219181553275054,0.003395866138169445
e50_huber_010_gate_complex_resid_error_gt_20_rate_q50,50,risk_gate,recent_holdout,209468,0.06740648725260928,0.06763151074828722,0.04450613785516445,0.10067476681102316,0.14823106363351524,0.2026618770138944,0.3653377607598628,0.2021788530945061,0.05137777608035595,0.017816563866557184,0.004010159069643096
e50_huber_010_gate_complex_resid_error_gt_20_rate_q70,50,risk_gate,valid,384432,0.06447410188784537,0.06483247255420238,0.04330429638599212,0.09702253244103076,0.14188044877173722,0.1923368431902893,0.34360896532007484,0.19044460398718108,0.04533441544928622,0.01497013776168477,0.0033608024305989094
e50_huber_010_gate_complex_resid_error_gt_20_rate_q70,50,risk_gate,test,442008,0.06394151174360876,0.06398983710984114,0.042095028635948495,0.09539774374989379,0.14132244325101134,0.19331444461526168,0.34879044422843003,0.18566179797650723,0.04611907476787751,0.01534361369024995,0.003423014968054877
e50_huber_010_gate_complex_resid_error_gt_20_rate_q70,50,risk_gate,recent_holdout,209468,0.06716887131805281,0.06746967689896412,0.04419602212319525,0.10039525537298126,0.14802682893432825,0.2029729063884819,0.36635258755699607,0.2012336013138045,0.05152099604712892,0.01791681784329826,0.004086543051922012
e50_huber_010_gate_complex_resid_error_gt_20_rate_q85,50,risk_gate,valid,384432,0.06439722588536333,0.06480263955685493,0.04309067199706616,0.09699179325340877,0.14210666846553732,0.19313863551006744,0.3450001558240825,0.1904706163898947,0.04577142381487493,0.015113205976609647,0.0034128272360261372
e50_huber_010_gate_complex_resid_error_gt_20_rate_q85,50,risk_gate,test,442008,0.06377600911812892,0.06389482606769213,0.04188864321181693,0.0951262614940865,0.14130625498725263,0.19356422318701486,0.3494153351835322,0.18509167254891315,0.046300066967113716,0.015463521022243942,0.003475050225335288
e50_huber_010_gate_complex_resid_error_gt_20_rate_q85,50,risk_gate,recent_holdout,209468,0.06703275533661701,0.06739622370869067,0.044041707387708275,0.10020679066142822,0.14782909195579744,0.2032004653034541,0.3671880830947146,0.2006129814577883,0.05165944201500945,0.0180409418145015,0.004134283040846335
e50_huber_010_gate_sgg_resid_error_gt_20_rate_q50,50,risk_gate,valid,384432,0.06498836688011095,0.06526953304203274,0.04372432762767961,0.0973135522306995,0.14228963645495848,0.19306088889135747,0.3467822421560335,0.19138885420568527,0.0456725766845632,0.015201648145835935,0.003308777625171682
e50_huber_010_gate_sgg_resid_error_gt_20_rate_q50,50,risk_gate,test,442008,0.06433371744086827,0.06437011242412877,0.04244758522526415,0.09571763438065437,0.1418161777970471,0.19419478709246046,0.3510125810140358,0.18669797831713453,0.04673444824528063,0.015655825233932417,0.003547447105029773
e50_huber_010_gate_sgg_resid_error_gt_20_rate_q50,50,risk_gate,recent_holdout,209468,0.06700195885690896,0.06743591160517244,0.044109524736108116,0.10001350566868246,0.1476039263446691,0.20235717442140158,0.3665863707681198,0.20004010159069643,0.051201138121335955,0.01797887982889988,0.004148605037523631
e50_huber_010_gate_sgg_resid_error_gt_20_rate_q70,50,risk_gate,valid,384432,0.06500782887982715,0.06536678722990598,0.043601964311580456,0.09753532470850014,0.14282601933543485,0.19403733693120773,0.3500151679591304,0.19220564365089274,0.04622403962209181,0.015521600699213385,0.003446643359553835
e50_huber_010_gate_sgg_resid_error_gt_20_rate_q70,50,risk_gate,test,442008,0.06414993326545193,0.06421740323176572,0.042260077629944215,0.09554732095173508,0.14170706937209032,0.19421684629010375,0.3510763431810013,0.18624776022153444,0.046723136232828366,0.015637726014008795,0.0035859079473674685
e50_huber_010_gate_sgg_resid_error_gt_20_rate_q70,50,risk_gate,recent_holdout,209468,0.06688226570673923,0.0673707240138852,0.043942722533591175,0.09979002192868737,0.1475207336567374,0.20265847848722596,0.36892014198054107,0.19931922775793917,0.051382550079248385,0.018055263811178796,0.0042631810109420055
e50_huber_010_gate_sgg_resid_error_gt_20_rate_q85,50,risk_gate,valid,384432,0.06481241684061123,0.06523956956090239,0.04331380669737974,0.09736803527105817,0.14290026378926154,0.19459501051691347,0.3509162522229112,0.19170100303824864,0.04660121946143921,0.01571929495983685,0.003592312814750073
e50_huber_010_gate_sgg_resid_error_gt_20_rate_q85,50,risk_gate,test,442008,0.06340917191206871,0.06366018879131506,0.041673288354621404,0.09470548736055195,0.14073358700018287,0.19325374082841432,0.35031855166291354,0.18369577021230385,0.046048940290673475,0.015495194657110278,0.0036560424245715008
e50_huber_010_gate_sgg_resid_error_gt_20_rate_q85,50,risk_gate,recent_holdout,209468,0.0666442117004058,0.06726035082484319,0.04380467041494984,0.09959975040403611,0.14732048340496218,0.20249694146362324,0.3689947271067157,0.1986890599041381,0.05135390608589379,0.017883399851051234,0.0043252429965436245
e50_huber_010_gate_complex_resid_confidence_q30,50,confidence_gate,valid,384432,0.0647338079991311,0.06494950343736934,0.043395765118273685,0.0971994220127478,0.14219961565386743,0.1930467216715416,0.34370813012674123,0.19095964956091063,0.0457063928080909,0.014902505514629375,0.003217734215674033
e50_huber_010_gate_complex_resid_confidence_q30,50,confidence_gate,test,442008,0.0642955741416661,0.06429205877549904,0.04223225345932209,0.09576863627252334,0.14204378063697365,0.1942242778715276,0.34784982309729034,0.18694231778610343,0.046693725000452484,0.015486145047148467,0.0033936037356789924
e50_huber_010_gate_complex_resid_confidence_q30,50,confidence_gate,recent_holdout,209468,0.0675307828883128,0.06773344092832799,0.04432312338191292,0.1007838272375493,0.14863446289589838,0.20363075154455726,0.36762016152860955,0.2022122710867531,0.05205568392308133,0.018284415758015544,0.003924227089579315
e50_huber_010_gate_complex_resid_confidence_q50,50,confidence_gate,valid,384432,0.06474925073827953,0.06492787893389013,0.04352844800831063,0.0970757842381501,0.1417350906341774,0.19222041798173511,0.3418639041225743,0.19059547592292006,0.045134119948391394,0.014725621176176802,0.0032203354559453947
e50_huber_010_gate_complex_resid_confidence_q50,50,confidence_gate,test,442008,0.06449365773314382,0.06442235364195649,0.0425168479409988,0.0959859859664702,0.14197537469330132,0.19391174499999667,0.34659504670265967,0.1875260176286402,0.04646295994642631,0.015336826482778593,0.003355142893341297
e50_huber_010_gate_complex_resid_confidence_q50,50,confidence_gate,recent_holdout,209468,0.06768260890284798,0.06781380763768648,0.044512293905364056,0.10095749005542982,0.14872454549758438,0.2034251046565271,0.36671727322269987,0.2028901789294785,0.05190768995741593,0.01806481180896366,0.003890809097332289
e50_huber_010_gate_complex_resid_confidence_q70,50,confidence_gate,valid,384432,0.06469686597174729,0.06489384611405641,0.043602251668747205,0.09694301247984057,0.1413140273886215,0.19150139424921644,0.34083532001450706,0.19015846755733135,0.044764743829858074,0.014616369084779623,0.0031865193324176967
e50_huber_010_gate_complex_resid_confidence_q70,50,confidence_gate,test,442008,0.06467121211477127,0.06455004604207018,0.04283848416201025,0.09612050040137429,0.14183114784347536,0.19352465554423745,0.3454708113121765,0.18796492371178802,0.04622767008741923,0.015194295125880074,0.0033189444534940543
e50_huber_010_gate_complex_resid_confidence_q70,50,confidence_gate,recent_holdout,209468,0.06784033530736616,0.06791374835371647,0.04476211150232422,0.10114374716747443,0.14873779673755416,0.2031680872287909,0.3659138274509949,0.2034678327954628,0.0517262779995035,0.017931139839975557,0.003900357095117154
e50_huber_010_gate_sgg_resid_confidence_q30,50,confidence_gate,valid,384432,0.06506529245002776,0.06545463334188448,0.043620452920156684,0.0974814809996204,0.14304463121397226,0.19443581359196066,0.3505081458698227,0.19197933574728432,0.046507574811670206,0.015669871394680984,0.003545490489865568
e50_huber_010_gate_sgg_resid_confidence_q30,50,confidence_gate,test,442008,0.0636753376393167,0.063917746630032,0.041868982948073175,0.09489729751758026,0.14097266670532582,0.19358407390137003,0.35123871589858985,0.18425910843242657,0.04626160612477602,0.015601527574161554,0.0036402056071383323
e50_huber_010_gate_sgg_resid_confidence_q30,50,confidence_gate,recent_holdout,209468,0.0667934693126749,0.0673730318653918,0.04397990613541605,0.09981536752877292,0.14753808848141875,0.20246661808593955,0.36769147005552416,0.19937174174575592,0.051368228082571084,0.01791204384440583,0.00427272900872687
e50_huber_010_gate_sgg_resid_confidence_q50,50,confidence_gate,valid,384432,0.06510834771751149,0.06542074621860326,0.04383181720634301,0.0974507565336523,0.14251285421893348,0.19370011621849773,0.3476867654899338,0.19169840179797729,0.046039351562825154,0.015386336205102593,0.0034154284762974987
e50_huber_010_gate_sgg_resid_confidence_q50,50,confidence_gate,test,442008,0.06449289005464477,0.06456981147095846,0.042578350407652815,0.09584791317511158,0.14202978964877186,0.1947234555407444,0.35207152059250235,0.18707127472805923,0.046904128432064575,0.01578704457837867,0.003601744764800637
e50_huber_010_gate_sgg_resid_confidence_q50,50,confidence_gate,recent_holdout,209468,0.06693381439891018,0.06742246622354518,0.04410138748695848,0.09989202222610981,0.147615347816062,0.2022217371632228,0.36701422137570544,0.19964863368151697,0.05127752210361487,0.01793591383886799,0.004234537017587412
e50_huber_010_gate_sgg_resid_confidence_q70,50,confidence_gate,valid,384432,0.06493140957176963,0.06523717284059542,0.04378233462596699,0.09707135919388775,0.1418596489907318,0.19260496610362945,0.3448030824173606,0.1904992300328797,0.04537083281308528,0.015048174969825613,0.003337391268156657
e50_huber_010_gate_sgg_resid_confidence_q70,50,confidence_gate,test,442008,0.06486088766406788,0.06478913158556374,0.04296029761630684,0.09623438090263656,0.14231297051257052,0.1947633943303178,0.35144310729964334,0.18828166006045138,0.04691544044451684,0.015669399648875135,0.003522560677634794
e50_huber_010_gate_sgg_resid_confidence_q70,50,confidence_gate,recent_holdout,209468,0.06745127137385466,0.06779737203960261,0.044446886151364384,0.10057771349024149,0.14838984795544155,0.20338358775910448,0.3687227248825296,0.20173487119750988,0.05188381996295377,0.018112551797887982,0.004196345026447954
e50_huber_015_blend_w25,50,static_blend,valid,384432,0.06421182586036671,0.06451506443751814,0.04329025179869828,0.09634934943862024,0.1407364282189736,0.1906718828165649,0.3409881636812942,0.18798903317101595,0.04454363840679236,0.01453573063636742,0.0032541515794730926
e50_huber_015_blend_w25,50,static_blend,test,442008,0.06412067468356626,0.06403082991496895,0.04260835181008754,0.09525461274647704,0.14073857355223152,0.19225332089071065,0.3449237862342399,0.18494914119201464,0.04531592188376681,0.01500425331668205,0.0033506180883603916
e50_huber_015_blend_w25,50,static_blend,recent_holdout,209468,0.0674569177902071,0.0675972890135359,0.04487578225059083,0.10028718226356599,0.14767662980542307,0.2008793291986068,0.3625470481040443,0.20092806538468883,0.05049458628525598,0.017415547959592874,0.003900357095117154
e50_huber_015_blend_w50,50,static_blend,valid,384432,0.06388625332675203,0.06424225455639944,0.04301712517636541,0.09599296573534576,0.14048736701791661,0.1904294176551751,0.341714786020681,0.1870473841927831,0.044476006159736965,0.014525325675281975,0.0033399925084280184
e50_huber_015_blend_w50,50,static_blend,test,442008,0.06357749327726483,0.06355337403482,0.04215839290348368,0.09468832936623092,0.13994490560040884,0.19124874152960106,0.3445443130710306,0.18336545944869775,0.04486344138567628,0.01490923241208304,0.0033845541257171816
e50_huber_015_blend_w50,50,static_blend,recent_holdout,209468,0.06691563759295133,0.06719116732553382,0.04443693791668964,0.09957825084338752,0.1469699428318542,0.20049727232556308,0.3606300035316176,0.19867951190635325,0.05029407833177383,0.017200718009433423,0.0040006110718582314
e50_huber_015_blend_w75,50,static_blend,valid,384432,0.0637670974121522,0.06420380429033157,0.04284863761240602,0.09591451096336304,0.14048799194085979,0.19075913721332066,0.343173651844332,0.18688350605568735,0.04443438631539518,0.014631976526407792,0.0034102259957547757
e50_huber_015_blend_w75,50,static_blend,test,442008,0.06324219306212876,0.06331522819058547,0.04185029519114598,0.09443015739894352,0.13961126663178502,0.19099937898568353,0.34535593962830524,0.18263922824926246,0.04478878210349134,0.014929594034497113,0.0034569510054116665
e50_huber_015_blend_w75,50,static_blend,recent_holdout,209468,0.06657004820526377,0.06698349272308966,0.04419413670234768,0.09922926046503262,0.14638444099631548,0.1999767576259439,0.3601017797901433,0.19745259419099814,0.04998376840376573,0.017167300017186395,0.004086543051922012
e50_huber_015_gate_resid_expected_abs_pct_error_q50,50,risk_gate,valid,384432,0.06472282887274614,0.06514739811808715,0.04365305263123033,0.09703562637897926,0.14171737080772573,0.19257853781741144,0.3460446164696729,0.19057986848129188,0.045472281183668375,0.015022162567111998,0.0033529987097848254
e50_huber_015_gate_resid_expected_abs_pct_error_q50,50,risk_gate,test,442008,0.06315298060650708,0.06333433174448849,0.041840406273117726,0.09443924902895946,0.13958420405005217,0.19093431683919504,0.34522041620031685,0.18236547754791768,0.04479330690847225,0.014852672349821723,0.003447901395449856
e50_huber_015_gate_resid_expected_abs_pct_error_q50,50,risk_gate,recent_holdout,209468,0.06643928598820033,0.06691991540155888,0.04411233989112528,0.09918817247020256,0.14618113445858397,0.19928552870053715,0.3608586547771631,0.19754330016995436,0.04957320449901655,0.01698588805927397,0.00408176905302958
e50_huber_015_gate_resid_expected_abs_pct_error_q70,50,risk_gate,valid,384432,0.0647106318680017,0.06508463312158849,0.04356078963258157,0.0969443325407685,0.1417680034097072,0.19271494285948118,0.3469920139846049,0.19035876305822616,0.045581533275065554,0.015141819619594623,0.0034128272360261372
e50_huber_015_gate_resid_expected_abs_pct_error_q70,50,risk_gate,test,442008,0.06311624380356373,0.06327158961761657,0.04181443012837988,0.09436486982793672,0.13943125071944978,0.19068396084970485,0.3444626932075484,0.18215507411630558,0.04459647789180286,0.014789325080089049,0.003443376590468951
e50_huber_015_gate_resid_expected_abs_pct_error_q70,50,risk_gate,recent_holdout,209468,0.06648011267722141,0.06703038335897314,0.04410282278936885,0.09922703068525036,0.14646454996486563,0.1999874701778839,0.3638192689283335,0.19771993812897434,0.049993316401550594,0.017243683999465312,0.004167701033093361
e50_huber_015_gate_resid_expected_abs_pct_error_q85,50,risk_gate,valid,384432,0.06394075343244886,0.06445884405026604,0.04298327356941061,0.09629098314935841,0.14109322809448066,0.19185683551916063,0.34543645266596174,0.18840002913389103,0.04509250010404961,0.014868689391101678,0.0034752570025388106
e50_huber_015_gate_resid_expected_abs_pct_error_q85,50,risk_gate,test,442008,0.06317526819816013,0.06335721606078362,0.0418053273739145,0.09446791128719288,0.1396118792444438,0.19115452951456882,0.34622339100630495,0.18253968253968253,0.04489285261805216,0.01502009013411522,0.0034931494452589093
e50_huber_015_gate_resid_expected_abs_pct_error_q85,50,risk_gate,recent_holdout,209468,0.06647448009575693,0.06700858090713685,0.04412393572096823,0.09920064811829228,0.1464545255395609,0.19996316171415748,0.3635635836181077,0.1976244581511257,0.04998376840376573,0.017200718009433423,0.004162927034200928
e50_huber_015_gate_best_resid_abs_pct_mean_q50,50,risk_gate,valid,384432,0.06472282887274614,0.06514739811808715,0.04365305263123033,0.09703562637897926,0.14171737080772573,0.19257853781741144,0.3460446164696729,0.19057986848129188,0.045472281183668375,0.015022162567111998,0.0033529987097848254
e50_huber_015_gate_best_resid_abs_pct_mean_q50,50,risk_gate,test,442008,0.06315298060650708,0.06333433174448849,0.041840406273117726,0.09443924902895946,0.13958420405005217,0.19093431683919504,0.34522041620031685,0.18236547754791768,0.04479330690847225,0.014852672349821723,0.003447901395449856
e50_huber_015_gate_best_resid_abs_pct_mean_q50,50,risk_gate,recent_holdout,209468,0.06643928598820033,0.06691991540155888,0.04411233989112528,0.09918817247020256,0.14618113445858397,0.19928552870053715,0.3608586547771631,0.19754330016995436,0.04957320449901655,0.01698588805927397,0.00408176905302958
e50_huber_015_gate_best_resid_abs_pct_mean_q70,50,risk_gate,valid,384432,0.0647106318680017,0.06508463312158849,0.04356078963258157,0.0969443325407685,0.1417680034097072,0.19271494285948118,0.3469920139846049,0.19035876305822616,0.045581533275065554,0.015141819619594623,0.0034128272360261372
e50_huber_015_gate_best_resid_abs_pct_mean_q70,50,risk_gate,test,442008,0.06311624380356373,0.06327158961761657,0.04181443012837988,0.09436486982793672,0.13943125071944978,0.19068396084970485,0.3444626932075484,0.18215507411630558,0.04459647789180286,0.014789325080089049,0.003443376590468951
e50_huber_015_gate_best_resid_abs_pct_mean_q70,50,risk_gate,recent_holdout,209468,0.06648011267722141,0.06703038335897314,0.04410282278936885,0.09922703068525036,0.14646454996486563,0.1999874701778839,0.3638192689283335,0.19771993812897434,0.049993316401550594,0.017243683999465312,0.004167701033093361
e50_huber_015_gate_best_resid_abs_pct_mean_q85,50,risk_gate,valid,384432,0.06394075343244886,0.06445884405026604,0.04298327356941061,0.09629098314935841,0.14109322809448066,0.19185683551916063,0.34543645266596174,0.18840002913389103,0.04509250010404961,0.014868689391101678,0.0034752570025388106
e50_huber_015_gate_best_resid_abs_pct_mean_q85,50,risk_gate,test,442008,0.06317526819816013,0.06335721606078362,0.0418053273739145,0.09446791128719288,0.1396118792444438,0.19115452951456882,0.34622339100630495,0.18253968253968253,0.04489285261805216,0.01502009013411522,0.0034931494452589093
e50_huber_015_gate_best_resid_abs_pct_mean_q85,50,risk_gate,recent_holdout,209468,0.06647448009575693,0.06700858090713685,0.04412393572096823,0.09920064811829228,0.1464545255395609,0.19996316171415748,0.3635635836181077,0.1976244581511257,0.04998376840376573,0.017200718009433423,0.004162927034200928
e50_huber_015_gate_complex_resid_abs_pct_mean_q50,50,risk_gate,valid,384432,0.06442834917881254,0.06475887062076562,0.04352872662932521,0.09672516373378026,0.14112795208236326,0.19106919157083083,0.34066164416843603,0.18937549423565156,0.044577454530320054,0.014605964123694177,0.0032723602613726225
e50_huber_015_gate_complex_resid_abs_pct_mean_q50,50,risk_gate,test,442008,0.06403891766519994,0.06401688643053333,0.04236485489287141,0.09535879470722894,0.14094102717332105,0.19227667116608813,0.346287293785061,0.18524777832075437,0.045505963692964835,0.015106061428752421,0.003327994063455865
e50_huber_015_gate_complex_resid_abs_pct_mean_q50,50,risk_gate,recent_holdout,209468,0.06729545350159613,0.06748667885863291,0.04459622022504556,0.10028643839970279,0.1477364212563543,0.20122794032754862,0.3633808054791972,0.20097580537361315,0.05066645024538354,0.01757786392193557,0.003919453090686883
e50_huber_015_gate_complex_resid_abs_pct_mean_q70,50,risk_gate,valid,384432,0.06428495196024556,0.06460588542130961,0.04333884503859481,0.0966023819079302,0.14112228475437733,0.19106919157083083,0.34066164416843603,0.18903213051983186,0.044655491738460895,0.014642381487493236,0.003282765222458068
e50_huber_015_gate_complex_resid_abs_pct_mean_q70,50,risk_gate,test,442008,0.06381685762094293,0.06384676021897992,0.04216227069709361,0.0950704302762308,0.1405784104611695,0.19193762621998053,0.34622138539551506,0.18454190874373314,0.04532497149372862,0.015085699806338346,0.003361930100812655
e50_huber_015_gate_complex_resid_abs_pct_mean_q70,50,risk_gate,recent_holdout,209468,0.06705604900115122,0.067308823770984,0.04439275199896362,0.09994213733633082,0.14740251852420952,0.20083870220242314,0.36420861953050354,0.1997823056505051,0.05045162029522409,0.017539671930796114,0.003962419080718774
e50_huber_015_gate_complex_resid_abs_pct_mean_q85,50,risk_gate,valid,384432,0.06411933287501552,0.06450742822449171,0.043154327123542044,0.09641359503789129,0.14106653436016622,0.19117557342799635,0.341670916529735,0.18862373579722813,0.044785553752028966,0.01468660257210638,0.0033009739043575975
e50_huber_015_gate_complex_resid_abs_pct_mean_q85,50,risk_gate,test,442008,0.06361102971561225,0.0637072019811008,0.04200097682914036,0.09483891409200924,0.14025555882007354,0.19165341834072652,0.3465970216417919,0.1838360391667119,0.04518922734430146,0.015115111038714232,0.003389078930698087
e50_huber_015_gate_complex_resid_abs_pct_mean_q85,50,risk_gate,recent_holdout,209468,0.06689293691152332,0.06720306881922393,0.04431613082829712,0.09969361486518186,0.14719965515109829,0.20064002851596027,0.36482459857765154,0.1990566578188554,0.05036568831516031,0.017544445929688544,0.0040292550652128245
e50_huber_015_gate_sgg_resid_abs_pct_mean_q50,50,risk_gate,valid,384432,0.06471113120223752,0.06502853310675244,0.043713298790348507,0.09687989030452104,0.14145643021984844,0.19202587833703516,0.3440133303336833,0.18992175469263745,0.04512631622757731,0.014863486910558955,0.003277562741915345
e50_huber_015_gate_sgg_resid_abs_pct_mean_q50,50,risk_gate,test,442008,0.06379480329434857,0.06386658268082707,0.04225505767914553,0.09506757770235755,0.14036929860998199,0.19171995307383424,0.3464003330191841,0.18447403666901957,0.04523221299162006,0.01505402617147201,0.0034298021755262346
e50_huber_015_gate_sgg_resid_abs_pct_mean_q50,50,risk_gate,recent_holdout,209468,0.06672213975758381,0.06714257972242577,0.04422327486759633,0.09947521147343329,0.14680270319440947,0.19994808803517572,0.3629097379179416,0.19839784597169974,0.04996944640708843,0.017267553993927473,0.004067447056352283
e50_huber_015_gate_sgg_resid_abs_pct_mean_q70,50,risk_gate,valid,384432,0.06452699964247885,0.0649174145734448,0.04344192624047623,0.09683148807913697,0.14152002473654587,0.19218916465137809,0.3455920863972869,0.18989053980938111,0.04523556831897449,0.01498574520331294,0.0033529987097848254
e50_huber_015_gate_sgg_resid_abs_pct_mean_q70,50,risk_gate,test,442008,0.06332077254854443,0.06346840728684773,0.041955700991051295,0.09452858208352939,0.13955496361209457,0.19088386679336158,0.34504164984910907,0.18271162512895694,0.04465077555157373,0.014852672349821723,0.003447901395449856
e50_huber_015_gate_sgg_resid_abs_pct_mean_q70,50,risk_gate,recent_holdout,209468,0.06668731091974989,0.06714510690569353,0.044206495317902356,0.09943623118822374,0.1467576829895837,0.1999518001224823,0.3635992317194564,0.1982928179960662,0.049964672408196,0.017267553993927473,0.0041199610441690375
e50_huber_015_gate_sgg_resid_abs_pct_mean_q85,50,risk_gate,valid,384432,0.06422650023943248,0.06470241195450198,0.0431985332784881,0.09646175704965046,0.14120747142138035,0.19161372320007175,0.34485570999103404,0.18883703749947975,0.04497804553210971,0.014899904274358014,0.0034284346776543057
e50_huber_015_gate_sgg_resid_abs_pct_mean_q85,50,risk_gate,test,442008,0.06327670421766117,0.06349660018079245,0.04186969555426166,0.0945329303084537,0.13970873366021272,0.19116626075694182,0.34659974207325284,0.18278175960616097,0.04479330690847225,0.014997466109210694,0.0034931494452589093
e50_huber_015_gate_sgg_resid_abs_pct_mean_q85,50,risk_gate,recent_holdout,209468,0.06648916316783637,0.06702823481894514,0.04410107919181817,0.09922484729371187,0.1465610578592055,0.20016781147216403,0.36389520738450304,0.19766265014226517,0.050074474382721945,0.017200718009433423,0.004196345026447954
e50_huber_015_gate_complex_resid_error_gt_20_rate_q50,50,risk_gate,valid,384432,0.06431330835688112,0.06467443729755275,0.04345448138851064,0.09655352723438418,0.1408356577582524,0.19073675420314284,0.34047966798594204,0.1888344362592084,0.04450982228326466,0.014624172805593708,0.0032801639821867065
e50_huber_015_gate_complex_resid_error_gt_20_rate_q50,50,risk_gate,test,442008,0.06409875831813543,0.06407710929296269,0.04251845541098602,0.09541981130065849,0.14087814261987433,0.19211945581724701,0.34537408248979573,0.18541293370255743,0.045453928435684424,0.015035926951548388,0.0033574052958317497
e50_huber_015_gate_complex_resid_error_gt_20_rate_q50,50,risk_gate,recent_holdout,209468,0.06731647939208968,0.06752356340181763,0.044676351717137824,0.10027715675663039,0.14763033556582195,0.20116425726376927,0.36343921276388425,0.20094716138025856,0.05059961426088949,0.01753489793190368,0.003981515076288502
e50_huber_015_gate_complex_resid_error_gt_20_rate_q70,50,risk_gate,valid,384432,0.06420626758174956,0.06457147697189919,0.04332174724376198,0.09646585598001194,0.14092188706839134,0.1907502497464858,0.3407416368749925,0.1886705581221126,0.04459046073167686,0.01466579264993549,0.0033009739043575975
e50_huber_015_gate_complex_resid_error_gt_20_rate_q70,50,risk_gate,test,442008,0.06380150835255838,0.06384098027912223,0.042193443323281246,0.09509014476378697,0.1404122710408319,0.19180123526908202,0.34579499998230484,0.18449892309641455,0.045266149028976854,0.015042714159019746,0.003368717308284013
e50_huber_015_gate_complex_resid_error_gt_20_rate_q70,50,risk_gate,recent_holdout,209468,0.06703402634465899,0.06730689545501314,0.044417987539331044,0.09995773128673952,0.14720405927874883,0.20093092855150904,0.3640240984505526,0.19983481963832184,0.05048981228636355,0.017506253938549085,0.004010159069643096
e50_huber_015_gate_complex_resid_error_gt_20_rate_q85,50,risk_gate,valid,384432,0.06407347781440012,0.06448011562413608,0.043122793289940196,0.09632214239632401,0.14094486321999836,0.19103931616902808,0.341670916529735,0.1884156365755192,0.04473352894660174,0.014699608773463187,0.0033399925084280184
e50_huber_015_gate_complex_resid_error_gt_20_rate_q85,50,risk_gate,test,442008,0.06359700256120039,0.06370009150944288,0.042015947952840416,0.09485032510548909,0.14021769495883862,0.19156812787900582,0.34622138539551506,0.18383830156920236,0.045168865721887386,0.015092487013809705,0.003407178150621708
e50_huber_015_gate_complex_resid_error_gt_20_rate_q85,50,risk_gate,recent_holdout,209468,0.06687064953817481,0.0671985968895864,0.04432094796724774,0.09972930989057936,0.14701980963916325,0.20084758004004827,0.36393339034030314,0.19917123379227375,0.050456394294116524,0.017453739950732333,0.0040578990585674185
e50_huber_015_gate_sgg_resid_error_gt_20_rate_q50,50,risk_gate,valid,384432,0.0647193607516749,0.06500165623372309,0.043697929352090145,0.09684852167676129,0.14134726851276044,0.19176046827695775,0.3440133303336833,0.189817705081783,0.04500926041536605,0.014897303034086653,0.003269759021101261
e50_huber_015_gate_sgg_resid_error_gt_20_rate_q50,50,risk_gate,test,442008,0.06417098138403877,0.06418735764948552,0.04250054301956092,0.09547400498793626,0.14095892029046678,0.19266678147640334,0.34877230114611135,0.18574776927114442,0.045745778356952815,0.015375287325116288,0.0034637382128830246
e50_huber_015_gate_sgg_resid_error_gt_20_rate_q50,50,risk_gate,recent_holdout,209468,0.06692356604372544,0.0673106544628577,0.044330937397627695,0.09965738529363376,0.14705573945542674,0.20044652254405765,0.3639832355196255,0.19895162984322187,0.05022724234727977,0.017463287948517196,0.004091317050814444
e50_huber_015_gate_sgg_resid_error_gt_20_rate_q70,50,risk_gate,valid,384432,0.06466886675012108,0.06502172327378676,0.04358980693971852,0.0969638469575191,0.1415547328824663,0.19218775706000088,0.3458878322313163,0.19018968244058768,0.045277188163316266,0.015068984891996503,0.0033608024305989094
e50_huber_015_gate_sgg_resid_error_gt_20_rate_q70,50,risk_gate,test,442008,0.06395704847111433,0.06400117043860815,0.042344993394708486,0.09526915264310912,0.14072025651989156,0.19240624570722456,0.34843125503095085,0.18503285008416137,0.045585147780130675,0.015298365640440898,0.003495411847749362
e50_huber_015_gate_sgg_resid_error_gt_20_rate_q70,50,risk_gate,recent_holdout,209468,0.06675847195414088,0.06719010777965453,0.04421743890901682,0.09945434033765858,0.14686399205264047,0.2004133095177345,0.36466630842498216,0.19832623598831325,0.05021292035060248,0.0174346439551626,0.004167701033093361
e50_huber_015_gate_sgg_resid_error_gt_20_rate_q85,50,risk_gate,valid,384432,0.06443112444345364,0.06484675945577453,0.04333664326323824,0.09665627482042008,0.14147073037568686,0.1923001623800716,0.3467654968932614,0.18954457485329004,0.045381237774170725,0.01515482582095143,0.0034674532817247266
e50_huber_015_gate_sgg_resid_error_gt_20_rate_q85,50,risk_gate,test,442008,0.06324898077865407,0.06346024955068708,0.041841707496804686,0.09450363979967277,0.13976222313340456,0.19119279596037383,0.34709176661293256,0.18275461077627556,0.044820455738357676,0.015008778121662956,0.003522560677634794
e50_huber_015_gate_sgg_resid_error_gt_20_rate_q85,50,risk_gate,recent_holdout,209468,0.06649602131775718,0.06704528143250407,0.04410872580513059,0.09923237754292881,0.146605318377118,0.20024318015468634,0.36405596354722314,0.19766265014226517,0.05010789237496897,0.017229362002788014,0.004196345026447954
e50_huber_015_gate_complex_resid_confidence_q30,50,confidence_gate,valid,384432,0.06445706555181643,0.06468727708605983,0.04342811221958691,0.09662396502096046,0.14120747142138035,0.1913741245078282,0.340852872923683,0.18921421733882715,0.04475433886877263,0.014626774045865069,0.003202126774045865
e50_huber_015_gate_complex_resid_confidence_q30,50,confidence_gate,test,442008,0.06410959845459803,0.06410492648597603,0.042303781614366015,0.09549097537032565,0.14097229950798307,0.1924599175677592,0.34551449036185683,0.1857771805035203,0.0456507574523538,0.015137735063618757,0.003348355685869939
e50_huber_015_gate_complex_resid_confidence_q30,50,confidence_gate,recent_holdout,209468,0.06733690949234125,0.06752061393724491,0.044524396995938756,0.1001535769947395,0.14779562510610345,0.20158819131634814,0.36492656421515024,0.20056046746997155,0.05084786220329597,0.017716309889816106,0.003900357095117154
e50_huber_015_gate_complex_resid_confidence_q50,50,confidence_gate,valid,384432,0.0645539721180094,0.06475100548834338,0.04353516890213167,0.0966690372561034,0.14112795208236326,0.1910131627308483,0.340300227949104,0.18928184958588254,0.044541037166521,0.014543534357181503,0.003202126774045865
e50_huber_015_gate_complex_resid_confidence_q50,50,confidence_gate,test,442008,0.06433700028487728,0.06427259660182344,0.04256573228896603,0.09571986440587123,0.1410852922573225,0.19254549889183686,0.34522028703572805,0.18642875242077067,0.045625871024958825,0.01508117500135744,0.0033302564659463177
e50_huber_015_gate_complex_resid_confidence_q50,50,confidence_gate,recent_holdout,209468,0.06751825888759572,0.06763859453092656,0.044704338865626234,0.10043774397816059,0.14801189044619067,0.20164811907436955,0.36458879886534673,0.20152958924513528,0.050862184199973265,0.01766379590199935,0.0038717131017625603
e50_huber_015_gate_complex_resid_confidence_q70,50,confidence_gate,valid,384432,0.0646002012510949,0.06481346695399733,0.0436591187091153,0.09671888420261084,0.14101308959929218,0.19092426959827533,0.3399032720312499,0.18940410787863654,0.04441877887376701,0.014514920714196529,0.0031839180921463353
e50_huber_015_gate_complex_resid_confidence_q70,50,confidence_gate,test,442008,0.06457273783511909,0.06446355521998083,0.042862370151999424,0.09597319803442962,0.14129041757442168,0.1928121105662348,0.3447867001218007,0.18720928127997682,0.04569600550216286,0.015058550976452915,0.0033166820510036016
e50_huber_015_gate_complex_resid_confidence_q70,50,confidence_gate,recent_holdout,209468,0.06772076608623126,0.06779173617104214,0.04492825137800495,0.10070582818457141,0.14830155350870633,0.201614162676344,0.3638675639636225,0.20227433307235473,0.05084308820440354,0.01768289189756908,0.0038955830962247215
e50_huber_015_gate_sgg_resid_confidence_q30,50,confidence_gate,valid,384432,0.06471950953370725,0.06509832514929277,0.043616579333112596,0.09691365278161823,0.14170471724188524,0.19238186161954451,0.346929043060748,0.19015066383651724,0.04541765513796978,0.01515482582095143,0.0034154284762974987
e50_huber_015_gate_sgg_resid_confidence_q30,50,confidence_gate,test,442008,0.06352312739192674,0.06372601843147456,0.04200906404737452,0.09470446855468738,0.1400653503327241,0.1915339905856553,0.34793889761252306,0.18347179236574904,0.04514624169698286,0.015117373441204684,0.003513511067672983
e50_huber_015_gate_sgg_resid_confidence_q30,50,confidence_gate,recent_holdout,209468,0.06664817434181138,0.06716644557652965,0.04424817937228928,0.09942554602702965,0.14686170776437957,0.20048079364173874,0.3635349847217535,0.19820688601600245,0.050222468348387346,0.017300971986174498,0.004191571027555522
e50_huber_015_gate_sgg_resid_confidence_q50,50,confidence_gate,valid,384432,0.06484399008255304,0.06515143401576051,0.04378099679226025,0.09702387780655339,0.14155382594916577,0.1921081429163828,0.34480247544615616,0.19032754817496983,0.04524857452033129,0.015001352644941108,0.00332438506679985
e50_huber_015_gate_sgg_resid_confidence_q50,50,confidence_gate,test,442008,0.06430287665654334,0.06435674055256169,0.04263662845423706,0.09557988281764865,0.14110283162298523,0.19306597976872478,0.34903219836648075,0.1861074912671264,0.04590188412879405,0.015463521022243942,0.0034976742502398146
e50_huber_015_gate_sgg_resid_confidence_q50,50,confidence_gate,recent_holdout,209468,0.06680619684836135,0.06724352673082336,0.044345357098419386,0.09957359011036325,0.14694872574822224,0.20061199479887634,0.36368026392810604,0.1986604159107835,0.05036568831516031,0.017358259972883688,0.004153379036416063
e50_huber_015_gate_sgg_resid_confidence_q70,50,confidence_gate,valid,384432,0.06477356059603939,0.06507771376644751,0.043764265038662806,0.09681012708746733,0.14133845400706757,0.19180159122568743,0.34365551689264995,0.18960700461980273,0.04489220460315478,0.014868689391101678,0.003287967703000791
e50_huber_015_gate_sgg_resid_confidence_q70,50,confidence_gate,test,442008,0.06466271830436991,0.06458010920295061,0.04298331659236504,0.09598649459784192,0.14150568752489337,0.19337056638167172,0.34888188339051424,0.18723643010986227,0.04610776275542524,0.015406960959982625,0.003447901395449856
e50_huber_015_gate_sgg_resid_confidence_q70,50,confidence_gate,recent_holdout,209468,0.0673125662480517,0.06761776856320978,0.04464082057913525,0.1001390857737475,0.14778527965480526,0.20179169319898715,0.36607568613052055,0.20049840548436992,0.0510006301678538,0.0175969599175053,0.004115187045276606
e100_mse,100,mse,valid,384432,0.06474736068959591,0.06504785888583325,0.043775358887108755,0.0969206444609476,0.14142365602096144,0.19165649791094047,0.34148525338699487,0.18989314104965246,0.04486619220044117,0.01466579264993549,0.0031943230532317807
e100_mse,100,mse,test,442008,0.06487383072616562,0.06477509514862982,0.043249241178044164,0.09614395028068483,0.1417796004450416,0.1934390461645036,0.3463082041496108,0.18784501637979403,0.04610776275542524,0.015225968760746411,0.0033189444534940543
e100_mse,100,mse,recent_holdout,209468,0.06820316309305499,0.06821897732184541,0.04547585886694276,0.10132763775786059,0.1488581356758008,0.20234548254231519,0.3649751086987905,0.20408845265147899,0.05122978211469055,0.017678117898676647,0.0038287471117306703
e100_huber_005,100,huber,valid,384432,0.06441108376407817,0.06489157949724661,0.0430358213269154,0.09703161136017321,0.14248290461993504,0.1937479545320333,0.352116265596276,0.19067091189078952,0.04629167186914721,0.01558923294626878,0.0037119698672326965
e100_huber_005,100,huber,test,442008,0.06357950024164565,0.06373653421940198,0.0417969556021805,0.095009537488136,0.14102772496620888,0.19354965480325,0.352419782507583,0.18467086568568894,0.0462389820998715,0.015544967511900237,0.0036922408644187435
e100_huber_005,100,huber,recent_holdout,209468,0.06687216184854569,0.06741011085716347,0.044124494548894416,0.09998356964457704,0.14788424307880277,0.20220726781411041,0.3686767375257187,0.19996849160730995,0.051406420073710546,0.017778371875417726,0.004387304982145244
e100_huber_0075,100,huber,valid,384432,0.06425368153401788,0.06478264252539712,0.04304036893060198,0.09690671118732141,0.14222666438411652,0.19282044284046326,0.347300698002125,0.19014025887543182,0.04571419652890498,0.01519124318475049,0.00349346568443834
e100_huber_0075,100,huber,test,442008,0.06357912085969701,0.06375175479974111,0.04189753769648307,0.09516246154876587,0.14109368786369791,0.19314341989226125,0.3493564020543415,0.1850599989140468,0.04598785542343125,0.015406960959982625,0.0035338726900870573
e100_huber_0075,100,huber,recent_holdout,209468,0.06688048939496671,0.06743292787201348,0.04423127394338624,0.09994758495240076,0.14787374211940896,0.20193448226431698,0.3649498333763643,0.1998300456394294,0.05113907613573434,0.01763992590753719,0.004201119025340386
e100_huber_010,100,huber,valid,384432,0.06397146979638312,0.06443783277505022,0.042654858608586824,0.09645980756944211,0.14168005548429705,0.1924850016230425,0.3476652225520293,0.18870177300536897,0.04559974195696508,0.015074187372539226,0.0035298830482373995
e100_huber_010,100,huber,test,442008,0.06321482431586453,0.06333197746825897,0.04144565533657463,0.09461636490008206,0.140467340077384,0.19257930712820823,0.3486375655276494,0.1833722466561691,0.04567338147725833,0.01533456408028814,0.0035406598975584154
e100_huber_010,100,huber,recent_holdout,209468,0.06653034677571516,0.06701969099417138,0.04374609404607728,0.0994081565488397,0.14732303046773898,0.20155066558574442,0.36457659216928334,0.1982737220004965,0.050781026218801914,0.017501479939656655,0.004201119025340386
e100_huber_015,100,huber,valid,384432,0.06388181984363275,0.06441396901942548,0.04294897991190908,0.09617471941424582,0.14095786540348237,0.1915021403726104,0.34533441372696944,0.18796302076830232,0.04491301452532567,0.014881695592458484,0.0035142756066092315
e100_huber_015,100,huber,test,442008,0.06315383233880094,0.06333768768719929,0.04178874798296185,0.09441893334395812,0.13952817303096554,0.19106752161037246,0.34710144455762665,0.18259624260194385,0.04478425729851043,0.015058550976452915,0.003522560677634794
e100_huber_015,100,huber,recent_holdout,209468,0.06645692537044066,0.06700553114794379,0.044148824293789246,0.09917691859100168,0.14652662246824288,0.20001360403721802,0.36392412813355574,0.19745736818989057,0.05000763839822789,0.017215040006110717,0.004191571027555522
e100_huber_005_blend_w25,100,static_blend,valid,384432,0.06434561876766495,0.0646377007685214,0.04331203722324552,0.09653875502474438,0.14108706700354132,0.19134063869923593,0.3426951926063896,0.1887876139343239,0.044842781037998915,0.01466579264993549,0.0032801639821867065
e100_huber_005_blend_w25,100,static_blend,test,442008,0.06422122215443736,0.06412561883880247,0.04260671690626147,0.09540811077975982,0.1411060723694576,0.19274186546600347,0.3462335253480344,0.18551247941213733,0.04568016868472969,0.015144522271090116,0.003389078930698087
e100_huber_005_blend_w25,100,static_blend,recent_holdout,209468,0.0675423098831412,0.06767911359928631,0.04484264179989972,0.10052193175185785,0.1480959242891904,0.20122138186432606,0.3638047553639145,0.20152481524624286,0.050771478221017054,0.01755876792636584,0.003967193079611206
e100_huber_005_blend_w50,100,static_blend,valid,384432,0.06414940202211443,0.06448063871521573,0.04304008090022876,0.0964381654628929,0.14113319012697007,0.19171955916743832,0.3444409005414378,0.18850667998501686,0.045063886461064635,0.014834873267573979,0.0034102259957547757
e100_huber_005_blend_w50,100,static_blend,test,442008,0.06377530095867477,0.06373818291286115,0.04212819719095612,0.09504732549428555,0.14063380310856127,0.1925605292207066,0.34696325944423667,0.18439485258185373,0.04558741018262113,0.015225968760746411,0.0034931494452589093
e100_huber_005_blend_w50,100,static_blend,recent_holdout,209468,0.0670904422525337,0.06735878427073276,0.04437081851807255,0.09991760266123748,0.14758247028160332,0.2013938720384087,0.36359322513492576,0.19969159967154887,0.050781026218801914,0.0174489659518399,0.004034029064105257
e100_huber_005_blend_w75,100,static_blend,valid,384432,0.06416723074440624,0.06456503596019758,0.04293282314968862,0.09657727234873788,0.14155017210919663,0.1924716175379963,0.3475862472864224,0.18891767594789197,0.04541245265742706,0.015139218379323261,0.003540288009322845
e100_huber_005_blend_w75,100,static_blend,test,442008,0.0635555641201482,0.06360771692616012,0.041840087782602196,0.09493548223818535,0.14074139176235778,0.192790539521796,0.3491179756674677,0.18414372590541347,0.04583401205408047,0.015357188105192666,0.0035655463249533947
e100_huber_005_blend_w75,100,static_blend,recent_holdout,209468,0.06686184704367694,0.06726490610769592,0.04414054484166071,0.0997606507484844,0.1474850536455582,0.2016614604263927,0.3651341326141132,0.19925716577233754,0.0510149521645311,0.017592185918612866,0.004172475031985793
e100_huber_005_gate_resid_expected_abs_pct_error_q50,100,risk_gate,valid,384432,0.06493756046182891,0.06536280360002406,0.04365292220773232,0.09745354537682642,0.14252510120647935,0.1935257309868949,0.3486036082859781,0.19185447621425897,0.04593790319224206,0.015370728763474424,0.003431035917925667
e100_huber_005_gate_resid_expected_abs_pct_error_q50,100,risk_gate,test,442008,0.06346559824718948,0.06360884847746204,0.04182857735760453,0.09488579654116842,0.14060780480350016,0.19262948769488425,0.34857660667105056,0.1840419177933431,0.045797813614233226,0.015153571881051927,0.0035768583374056577
e100_huber_005_gate_resid_expected_abs_pct_error_q50,100,risk_gate,recent_holdout,209468,0.06677518456011818,0.06725277112462431,0.04407825261854767,0.0998566300001895,0.14729659325311878,0.2012749480881097,0.3643460447641856,0.19955792770256078,0.05078580021769435,0.017420321958485304,0.004258407012049573
e100_huber_005_gate_resid_expected_abs_pct_error_q70,100,risk_gate,valid,384432,0.06503407514454977,0.06541466666005998,0.04362818633107737,0.09755563669627774,0.1428780127604076,0.1941428633058102,0.3509794328881553,0.19227067465767678,0.04641393016190119,0.015617846589253756,0.0035428892495942064
e100_huber_005_gate_resid_expected_abs_pct_error_q70,100,risk_gate,test,442008,0.06344847798390044,0.06356888747269665,0.04181195625049437,0.09484196200838635,0.1405431427377914,0.19247221046199736,0.34799225886817287,0.1838993864364446,0.045677906282239236,0.015135472661128305,0.0035768583374056577
e100_huber_005_gate_resid_expected_abs_pct_error_q70,100,risk_gate,recent_holdout,209468,0.06687307240744832,0.06743001266999261,0.04411180213052878,0.10000908578262448,0.14769583775682718,0.2020556868016015,0.36692654451695966,0.20004010159069643,0.0512966180991846,0.0177449538831707,0.0043538869898982185
e100_huber_005_gate_resid_expected_abs_pct_error_q85,100,risk_gate,valid,384432,0.06443493349687869,0.06490389550198124,0.04305873060121686,0.09709277967812475,0.1425385722338896,0.1937479545320333,0.35079242291692003,0.19079577142381487,0.04622403962209181,0.015479980854871603,0.00368075498397636
e100_huber_005_gate_resid_expected_abs_pct_error_q85,100,risk_gate,test,442008,0.06358140093829757,0.06373376603932576,0.04181478232636261,0.09503012782851604,0.14095487211201038,0.1935321590144653,0.3512162789982879,0.18456227036614722,0.0462005212575338,0.01542958498488715,0.003660567229552406
e100_huber_005_gate_resid_expected_abs_pct_error_q85,100,risk_gate,recent_holdout,209468,0.06687914900078151,0.06742471081925332,0.04413161265079308,0.10002351051010067,0.1477753484100916,0.20207778203390359,0.3668466398986916,0.20006874558405102,0.05130616609696947,0.01772108388870854,0.00435866098879065
e100_huber_005_gate_best_resid_abs_pct_mean_q50,100,risk_gate,valid,384432,0.06493756046182891,0.06536280360002406,0.04365292220773232,0.09745354537682642,0.14252510120647935,0.1935257309868949,0.3486036082859781,0.19185447621425897,0.04593790319224206,0.015370728763474424,0.003431035917925667
e100_huber_005_gate_best_resid_abs_pct_mean_q50,100,risk_gate,test,442008,0.06346559824718948,0.06360884847746204,0.04182857735760453,0.09488579654116842,0.14060780480350016,0.19262948769488425,0.34857660667105056,0.1840419177933431,0.045797813614233226,0.015153571881051927,0.0035768583374056577
e100_huber_005_gate_best_resid_abs_pct_mean_q50,100,risk_gate,recent_holdout,209468,0.06677518456011818,0.06725277112462431,0.04407825261854767,0.0998566300001895,0.14729659325311878,0.2012749480881097,0.3643460447641856,0.19955792770256078,0.05078580021769435,0.017420321958485304,0.004258407012049573
e100_huber_005_gate_best_resid_abs_pct_mean_q70,100,risk_gate,valid,384432,0.06503407514454977,0.06541466666005998,0.04362818633107737,0.09755563669627774,0.1428780127604076,0.1941428633058102,0.3509794328881553,0.19227067465767678,0.04641393016190119,0.015617846589253756,0.0035428892495942064
e100_huber_005_gate_best_resid_abs_pct_mean_q70,100,risk_gate,test,442008,0.06344847798390044,0.06356888747269665,0.04181195625049437,0.09484196200838635,0.1405431427377914,0.19247221046199736,0.34799225886817287,0.1838993864364446,0.045677906282239236,0.015135472661128305,0.0035768583374056577
e100_huber_005_gate_best_resid_abs_pct_mean_q70,100,risk_gate,recent_holdout,209468,0.06687307240744832,0.06743001266999261,0.04411180213052878,0.10000908578262448,0.14769583775682718,0.2020556868016015,0.36692654451695966,0.20004010159069643,0.0512966180991846,0.0177449538831707,0.0043538869898982185
e100_huber_005_gate_best_resid_abs_pct_mean_q85,100,risk_gate,valid,384432,0.06443493349687869,0.06490389550198124,0.04305873060121686,0.09709277967812475,0.1425385722338896,0.1937479545320333,0.35079242291692003,0.19079577142381487,0.04622403962209181,0.015479980854871603,0.00368075498397636
e100_huber_005_gate_best_resid_abs_pct_mean_q85,100,risk_gate,test,442008,0.06358140093829757,0.06373376603932576,0.04181478232636261,0.09503012782851604,0.14095487211201038,0.1935321590144653,0.3512162789982879,0.18456227036614722,0.0462005212575338,0.01542958498488715,0.003660567229552406
e100_huber_005_gate_best_resid_abs_pct_mean_q85,100,risk_gate,recent_holdout,209468,0.06687914900078151,0.06742471081925332,0.04413161265079308,0.10002351051010067,0.1477753484100916,0.20207778203390359,0.3668466398986916,0.20006874558405102,0.05130616609696947,0.01772108388870854,0.00435866098879065
e100_huber_005_gate_complex_resid_abs_pct_mean_q50,100,risk_gate,valid,384432,0.06469191611014274,0.06497579525122987,0.04357254639412482,0.09719820869645081,0.14176416194575842,0.1920494086363506,0.3431713345001572,0.19085039746951346,0.04504567777916511,0.014834873267573979,0.003347796229242103
e100_huber_005_gate_complex_resid_abs_pct_mean_q50,100,risk_gate,test,442008,0.0642379709321465,0.06418635264444927,0.042360420378810076,0.09568678229993768,0.14167037000536734,0.193284654305054,0.3487328779733255,0.18656449657019783,0.04596070659354582,0.015287053627988633,0.003407178150621708
e100_huber_005_gate_complex_resid_abs_pct_mean_q50,100,risk_gate,recent_holdout,209468,0.06747164143906537,0.06765251264924048,0.04458195739615817,0.10081088197748819,0.14857245916929815,0.20232829106619632,0.3649125473141723,0.20232684706017148,0.05127752210361487,0.017778371875417726,0.003957645081826341
e100_huber_005_gate_complex_resid_abs_pct_mean_q70,100,risk_gate,valid,384432,0.0646474321250185,0.06494179741644138,0.04343588821289394,0.09728257350575722,0.14214170710120622,0.19252324663182677,0.34396384742867475,0.19127439963374537,0.04547488242393973,0.014990947683855662,0.003376409872227078
e100_huber_005_gate_complex_resid_abs_pct_mean_q70,100,risk_gate,test,442008,0.06409280743083899,0.06411389315578855,0.04217769250658693,0.09555231951277453,0.14171661321415271,0.19354155523582423,0.3492367605727745,0.18629074586885305,0.046150748402743844,0.015361712910173572,0.0034546886029212143
e100_huber_005_gate_complex_resid_abs_pct_mean_q70,100,risk_gate,recent_holdout,209468,0.06730375064942067,0.06756740418462019,0.044419035551476166,0.10058916121794619,0.14843207546295809,0.20239325405708083,0.36625489105781783,0.20168235720969313,0.05136345408367865,0.017840433861019345,0.004005385070750663
e100_huber_005_gate_complex_resid_abs_pct_mean_q85,100,risk_gate,valid,384432,0.06455164305656626,0.06492055243763899,0.043247035703802034,0.0972214142909435,0.14244211242297206,0.1931301265970127,0.3459798453760528,0.191178153743705,0.04584165730220169,0.015147022100137346,0.0034102259957547757
e100_huber_005_gate_complex_resid_abs_pct_mean_q85,100,risk_gate,test,442008,0.0639449796152753,0.06404300004415708,0.04200574126106034,0.09537308682181975,0.14162107074062955,0.19370001798216152,0.3505059578245114,0.18589030062804293,0.04632042858952779,0.01547935783967711,0.003486362237787551
e100_huber_005_gate_complex_resid_abs_pct_mean_q85,100,risk_gate,recent_holdout,209468,0.06719589244730638,0.0675301564927502,0.04434398714376327,0.1005135412231654,0.14841919662453978,0.2026766330269021,0.36778914685545644,0.2014388832661791,0.051583058032730535,0.018012297821146904,0.004096091049706876
e100_huber_005_gate_sgg_resid_abs_pct_mean_q50,100,risk_gate,valid,384432,0.06497268952134595,0.06532160720897463,0.04378276439649946,0.09742750756010786,0.1423657502899244,0.19317504016986475,0.3466390041245694,0.19167759187580638,0.04584946102301577,0.015209451866650018,0.003329587547342573
e100_huber_005_gate_sgg_resid_abs_pct_mean_q50,100,risk_gate,test,442008,0.06404701169880331,0.0641308397179929,0.042240563757118106,0.09546923203584456,0.14140041366604603,0.1935197469364523,0.3500193947196125,0.18593328627536154,0.046220882879947876,0.015339088885269045,0.0035270854826156993
e100_huber_005_gate_sgg_resid_abs_pct_mean_q50,100,risk_gate,recent_holdout,209468,0.0670081487946992,0.06745300456394474,0.0442368208209932,0.10011164940953804,0.1478161357560303,0.2017449344481084,0.3654363225206323,0.20031699352645752,0.05093379418335975,0.017616055913075027,0.004167701033093361
e100_huber_005_gate_sgg_resid_abs_pct_mean_q70,100,risk_gate,valid,384432,0.06486028337278753,0.06526976320221806,0.04349651391322429,0.09750754158511887,0.14270227736428195,0.19369428148243767,0.34965399719092716,0.19199754442918385,0.04608617388770966,0.015427956049444375,0.0034544470803679196
e100_huber_005_gate_sgg_resid_abs_pct_mean_q70,100,risk_gate,test,442008,0.06365877923130658,0.06379042179192604,0.04195524501648843,0.09502036666048683,0.14077483945987368,0.1927781142946411,0.348318841977765,0.1845441711462236,0.04576613997936689,0.01516488389350419,0.0035700711299343
e100_huber_005_gate_sgg_resid_abs_pct_mean_q70,100,risk_gate,recent_holdout,209468,0.06701393258064635,0.06749806054669905,0.04422558762769664,0.10013396621441348,0.14782440310524492,0.20189028394042438,0.3666157612026518,0.20037905551205912,0.05111520614127218,0.017678117898676647,0.0042631810109420055
e100_huber_005_gate_sgg_resid_abs_pct_mean_q85,100,risk_gate,valid,384432,0.06465313828241809,0.06512241626529786,0.04325428657948196,0.09725067726034232,0.14252713108609175,0.19351780624626927,0.3496754426499658,0.19130821575727308,0.046008136679568816,0.015453968452157988,0.003579306613393266
e100_huber_005_gate_sgg_resid_abs_pct_mean_q85,100,risk_gate,test,442008,0.06368836044084195,0.06389198871301915,0.04189148462888294,0.0951281142869687,0.14114094931867507,0.19354193317480592,0.3513590533488849,0.18490389314220557,0.04613264918282022,0.015434109789868056,0.003649255217100143
e100_huber_005_gate_sgg_resid_abs_pct_mean_q85,100,risk_gate,recent_holdout,209468,0.06689833747289542,0.06745251162693687,0.04412547768516743,0.10001667699285136,0.1478550758243171,0.20228818071282378,0.3684852926159907,0.2000639715851586,0.05141119407260297,0.017768823877632862,0.004372982985467948
e100_huber_005_gate_complex_resid_error_gt_20_rate_q50,100,risk_gate,valid,384432,0.06462496795649582,0.06494436009326052,0.04351092400889233,0.09707464603810714,0.14161879274948203,0.19185798874734533,0.3433314350920628,0.19056165979939235,0.04512891746784867,0.014886898073001207,0.0033660049111416323
e100_huber_005_gate_complex_resid_error_gt_20_rate_q50,100,risk_gate,test,442008,0.06433270410881375,0.0642855191900814,0.04252644406792257,0.09576355134304416,0.1417909838632354,0.1933620516636723,0.34799566040316254,0.18681109844165716,0.046035365875730754,0.015248592785650938,0.0034298021755262346
e100_huber_005_gate_complex_resid_error_gt_20_rate_q50,100,risk_gate,recent_holdout,209468,0.06752423052454254,0.06772393159933722,0.04469485264365149,0.10084796140375271,0.14860819930992894,0.2023837165371993,0.36518142244935414,0.20248438902362176,0.051349132087001356,0.017783145874310156,0.004024481066320393
e100_huber_005_gate_complex_resid_error_gt_20_rate_q70,100,risk_gate,valid,384432,0.06459192358145524,0.0649309282605484,0.04343588821289394,0.09716786833496747,0.1420048433626557,0.19231438955941188,0.3444009296704503,0.19097265576226746,0.0454566737420402,0.015032567528197444,0.0033972197943979688
e100_huber_005_gate_complex_resid_error_gt_20_rate_q70,100,risk_gate,test,442008,0.06409334733144385,0.06412293244374735,0.04221072472709196,0.09557777583746761,0.14164418354063216,0.19350321307776366,0.3489791456748704,0.18628622106387216,0.046202783660024255,0.015354925702702214,0.003461475810392572
e100_huber_005_gate_complex_resid_error_gt_20_rate_q70,100,risk_gate,recent_holdout,209468,0.0673045879021963,0.0675912516613442,0.04444403271177026,0.10064485262047582,0.14837483987679995,0.20250582047560037,0.36632273500564055,0.201868543166498,0.05149235205377432,0.017859529856589073,0.00406267305745985
e100_huber_005_gate_complex_resid_error_gt_20_rate_q85,100,risk_gate,valid,384432,0.06451013566924173,0.06489537215904419,0.043214068746894534,0.09713858096079009,0.1422898843131527,0.19297926668933646,0.34609921498751944,0.19091802971656885,0.045813043659216714,0.015160028301494152,0.003446643359553835
e100_huber_005_gate_complex_resid_error_gt_20_rate_q85,100,risk_gate,test,442008,0.06394234508326106,0.06404457196335292,0.04202811992974792,0.09538077211774772,0.1415830556472096,0.19370157297463417,0.35015739869938006,0.1859061374454761,0.046311378979565984,0.0154703082297153,0.0035157734701634358
e100_huber_005_gate_complex_resid_error_gt_20_rate_q85,100,risk_gate,recent_holdout,209468,0.06717980621830215,0.06753086092021636,0.044343328849641886,0.10053089704353013,0.14827022329668307,0.20291679039923977,0.3674459408316953,0.20146275326064125,0.05166899001279432,0.017931139839975557,0.0041199610441690375
e100_huber_005_gate_sgg_resid_error_gt_20_rate_q50,100,risk_gate,valid,384432,0.0650108890672011,0.0653291533196288,0.04379274874629131,0.09745699852501609,0.1423209062528822,0.19312166342735956,0.34695238181008947,0.19180505264910308,0.04582604986057352,0.015266679152619969,0.0033191825862571274
e100_huber_005_gate_sgg_resid_error_gt_20_rate_q50,100,risk_gate,test,442008,0.0644055808644626,0.06445329482670048,0.04250193783618614,0.09586492770143194,0.141962617035783,0.1943589603440527,0.3521325637548727,0.18723869251235273,0.04669598740294293,0.015671662051365585,0.0035768583374056577
e100_huber_005_gate_sgg_resid_error_gt_20_rate_q50,100,risk_gate,recent_holdout,209468,0.06718957652978105,0.06761072863328454,0.044359866396739014,0.10029530084002292,0.14802653185460363,0.20228912470702698,0.366879264473228,0.20086122940019477,0.05127274810472244,0.017835659862126912,0.004191571027555522
e100_huber_005_gate_sgg_resid_error_gt_20_rate_q70,100,risk_gate,valid,384432,0.06504780001630034,0.0654269690058317,0.04370797192539583,0.09769099308721302,0.14286157286091328,0.19395579885454736,0.35052047234872336,0.19257501976942606,0.046242248303991346,0.015594435426811503,0.0034700545219960876
e100_huber_005_gate_sgg_resid_error_gt_20_rate_q70,100,risk_gate,test,442008,0.06425985560453586,0.06432622435350625,0.042350627041620556,0.09572758968895016,0.14188274105962317,0.19444306467112377,0.3523889985529909,0.1868812329188612,0.046671100975547955,0.01564903802646106,0.0036334183996669742
e100_huber_005_gate_sgg_resid_error_gt_20_rate_q70,100,risk_gate,recent_holdout,209468,0.06709433383908808,0.06756117314725614,0.04423693603965254,0.10020167713986808,0.14805985766723193,0.20233070039736079,0.3687490054945058,0.20053182347661697,0.051406420073710546,0.01791204384440583,0.004315694998758761
e100_huber_005_gate_sgg_resid_error_gt_20_rate_q85,100,risk_gate,valid,384432,0.06486831526454988,0.06529045880511947,0.043426881431311695,0.09749956507709445,0.14291663969744742,0.19431570331848547,0.3521267558303548,0.19215101760519415,0.04653618845465518,0.015768718524992717,0.0036131227369209638
e100_huber_005_gate_sgg_resid_error_gt_20_rate_q85,100,risk_gate,test,442008,0.06367317611537045,0.06386569958624008,0.0418691505621403,0.09511950907204339,0.14120675894152412,0.19360895863166702,0.3517902599233353,0.18494235398454326,0.04620504606251471,0.015474833034696205,0.0036854536569473854
e100_huber_005_gate_sgg_resid_error_gt_20_rate_q85,100,risk_gate,recent_holdout,209468,0.06691723661671205,0.06748328553056797,0.04414420941713178,0.10002705689595287,0.147925785703328,0.20233440586271872,0.3686767375257187,0.20007351958294345,0.051449386063742435,0.017807015868772317,0.00437775698436038
e100_huber_005_gate_complex_resid_confidence_q30,100,confidence_gate,valid,384432,0.06472846725706945,0.06502791015337893,0.04346225836970143,0.09735386133382452,0.14227835772920785,0.19298582585758198,0.3433314350920628,0.1915475298622383,0.04568038040537729,0.014957131560327965,0.003235942897573563
e100_huber_005_gate_complex_resid_confidence_q30,100,confidence_gate,test,442008,0.06432695446707147,0.06439934698724598,0.04231904506372458,0.09594369119362438,0.14211631359849075,0.19435427709496442,0.34827805673242784,0.1874558831514362,0.04666205136558614,0.015447684204810772,0.003382291723226729
e100_huber_005_gate_complex_resid_confidence_q30,100,confidence_gate,recent_holdout,209468,0.0675628021731477,0.06784796675459119,0.04452026307785874,0.10098606138885333,0.14890228093095856,0.203182690928364,0.367212724716911,0.20277560295606012,0.051922011954093225,0.0181889357801669,0.0039099050929020185
e100_huber_005_gate_complex_resid_confidence_q50,100,confidence_gate,valid,384432,0.0647598593120188,0.06501406332634935,0.043605140517230065,0.09725133004113207,0.1418853675577738,0.19233263464793046,0.3421128033177932,0.19109231281475006,0.04523556831897449,0.014775044741332668,0.0032333416573022016
e100_huber_005_gate_complex_resid_confidence_q50,100,confidence_gate,test,442008,0.0645170276993467,0.06452121331670596,0.042590985375082505,0.09612764601880062,0.14205866253650648,0.19399146841026757,0.3472054115279697,0.1878563283922463,0.04642223670159816,0.015323252067835877,0.0033528804908508443
e100_huber_005_gate_complex_resid_confidence_q50,100,confidence_gate,recent_holdout,209468,0.06770630723511525,0.06792342677458016,0.04468724361038345,0.10119377898727905,0.14907248313121385,0.20306317459595494,0.3668466398986916,0.20334370882425956,0.05183607997402945,0.01808868180342582,0.0038764871006549927
e100_huber_005_gate_complex_resid_confidence_q70,100,confidence_gate,valid,384432,0.0647295102647308,0.06498041379536683,0.04369155577305983,0.0971119254019557,0.14148755244397862,0.19172538860601934,0.3409654680677425,0.19054084987722145,0.04489220460315478,0.014644982727764598,0.0031943230532317807
e100_huber_005_gate_complex_resid_confidence_q70,100,confidence_gate,test,442008,0.06469460266234518,0.06463618235540018,0.042892611116226054,0.09623491496124309,0.1419857520744702,0.1937514947586687,0.34608265619323103,0.1881911639608333,0.04627518053971874,0.015255379993122296,0.003327994063455865
e100_huber_005_gate_complex_resid_confidence_q70,100,confidence_gate,recent_holdout,209468,0.06786534236562322,0.06801549629209339,0.04494120661382754,0.1012856178410845,0.1490594683412181,0.2028100461274212,0.3662142319976634,0.20374472473122388,0.05167853801057918,0.018012297821146904,0.0038860350984398573
e100_huber_005_gate_sgg_resid_confidence_q30,100,confidence_gate,valid,384432,0.06511255583671183,0.06552832968432465,0.04372659062596902,0.09760813351668636,0.14308375082942776,0.19426279776717975,0.35138486931474067,0.19246316643775752,0.0464945686103134,0.01565686519332418,0.0035636991717650974
e100_huber_005_gate_sgg_resid_confidence_q30,100,confidence_gate,test,442008,0.06391550919445169,0.06412393358407548,0.0420496948718805,0.09528258810465516,0.14138746683445386,0.19392671841989959,0.3525060662957165,0.1855237914245896,0.04642223670159816,0.015549492316881143,0.0036741416444951223
e100_huber_005_gate_sgg_resid_confidence_q30,100,confidence_gate,recent_holdout,209468,0.06704611344150442,0.06756806964747161,0.04432305812001457,0.1001974208481376,0.1480973696765957,0.20233070039736079,0.36758974628179875,0.20055091947218667,0.051473256058204596,0.017859529856589073,0.004334790994328489
e100_huber_005_gate_sgg_resid_confidence_q50,100,confidence_gate,valid,384432,0.06515467284839721,0.06550637942355741,0.04392004591327675,0.09759607137274244,0.14266576583851756,0.19357938881559988,0.3480379417205673,0.19229408582011903,0.04610438256960919,0.015399342406459399,0.0034206309568402212
e100_huber_005_gate_sgg_resid_confidence_q50,100,confidence_gate,test,442008,0.06459212681448433,0.06468657630079931,0.04267170538438857,0.09605834428833532,0.1422258371272412,0.19489470259989047,0.3527613766937097,0.1878223923548895,0.046933539664440464,0.015807406200792747,0.003622106387214711
e100_huber_005_gate_sgg_resid_confidence_q50,100,confidence_gate,recent_holdout,209468,0.06717032688753588,0.06761723988662811,0.04440206269993071,0.10030829728119744,0.14813277396557278,0.20237600652297702,0.3673737790481802,0.2008469074035175,0.051435064067065134,0.01787385185326637,0.004291825004296599
e100_huber_005_gate_sgg_resid_confidence_q70,100,confidence_gate,valid,384432,0.0649695273028067,0.06530400945743833,0.04385555336944247,0.09723480740078212,0.14198848155812413,0.19266430461213832,0.3454837676949867,0.19093623839846838,0.045451471261497484,0.015084592333624672,0.0033399925084280184
e100_huber_005_gate_sgg_resid_confidence_q70,100,confidence_gate,test,442008,0.06489221628453566,0.06485868247178694,0.04302371074686492,0.09637368486395187,0.14241984645259909,0.19486955188875052,0.35174354463184987,0.18868889250873289,0.046926752456969104,0.015705598088722374,0.0035338726900870573
e100_huber_005_gate_sgg_resid_confidence_q70,100,confidence_gate,recent_holdout,209468,0.06758079810232906,0.06794440702639266,0.04466785501220287,0.10086692401613812,0.14876858578371252,0.20332866233268276,0.3690156876346603,0.20251303301697635,0.051912463956308365,0.018007523822254474,0.004234537017587412
e100_huber_0075_blend_w25,100,static_blend,valid,384432,0.06438638662624577,0.06469059025931967,0.04336850467051536,0.09660063870261411,0.14127147303766685,0.1914071698327844,0.3417221449441304,0.18895929579223375,0.04490781204478295,0.014626774045865069,0.0032515503392017316
e100_huber_0075_blend_w25,100,static_blend,test,442008,0.06430168783956006,0.06420885640887089,0.04270351152198712,0.09552278971621851,0.14129267522807812,0.19287933771455962,0.3463514309160193,0.18595591030026606,0.04576387757687644,0.01518072071093736,0.003355142893341297
e100_huber_0075_blend_w25,100,static_blend,recent_holdout,209468,0.06762778598426807,0.0677663813051928,0.04491195220889956,0.10061565306968852,0.1482219929276927,0.20147162598273063,0.36392286931447076,0.20199744113659365,0.05089082819332786,0.017644699906429622,0.00391467909179445
e100_huber_0075_blend_w50,100,static_blend,valid,384432,0.06417873633034758,0.06453407884606632,0.04313620213876901,0.09649035291983665,0.1412582717613639,0.19164389227357773,0.34298409464334473,0.18866795688184126,0.04499625421400924,0.014730823656719523,0.003329587547342573
e100_huber_0075_blend_w50,100,static_blend,test,442008,0.06388675076442289,0.06385576285735588,0.04226248129082062,0.09525173825078632,0.1408905190867867,0.19267775251813146,0.3463535387516065,0.18495819080197642,0.04564397024488245,0.015225968760746411,0.003416227760583519
e100_huber_0075_blend_w50,100,static_blend,recent_holdout,209468,0.06720997747169119,0.067483190951242,0.04448132355725308,0.10009307433273977,0.1478041504013872,0.20150569834826837,0.3637389497174054,0.20029789753088778,0.0508669581988657,0.017506253938549085,0.003962419080718774
e100_huber_0075_blend_w75,100,static_blend,valid,384432,0.0641323960663924,0.06456645002251409,0.043028802901788066,0.09657147740032862,0.1416099181307535,0.1920101046463172,0.34490667471816744,0.1888474424605652,0.045303200566029884,0.014863486910558955,0.0033946185541266077
e100_huber_0075_blend_w75,100,static_blend,test,442008,0.06364006205148433,0.06370267264510746,0.042019023975416875,0.09508647558901874,0.14086292576415987,0.19279947546552725,0.3477427079194061,0.18465502886825577,0.04558062297514977,0.01527574161553637,0.003475050225335288
e100_huber_0075_blend_w75,100,static_blend,recent_holdout,209468,0.06695711088298513,0.0673694537166468,0.04426333125704543,0.09999984227466518,0.1476254918643461,0.2014447046367025,0.36367327391828447,0.20000190959955697,0.0508669581988657,0.017606507915290164,0.004072221055244715
e100_huber_0075_gate_resid_expected_abs_pct_error_q50,100,risk_gate,valid,384432,0.06482744567319541,0.06528135727422683,0.04365476770762937,0.09739679837647046,0.14229935454617051,0.19305905925543523,0.346082276427991,0.19166198443417823,0.04565436800266367,0.015074187372539226,0.003350397469513464
e100_huber_0075_gate_resid_expected_abs_pct_error_q50,100,risk_gate,test,442008,0.06353893880889883,0.0636830557540467,0.041938902184159826,0.0950973706639659,0.14086283494001745,0.19261033199360783,0.34719148631984204,0.18462788003837036,0.045757090369405076,0.015142259868599663,0.0034660006153734773
e100_huber_0075_gate_resid_expected_abs_pct_error_q50,100,risk_gate,recent_holdout,209468,0.06684447896446613,0.06730394908971754,0.04420443048999681,0.09991680056639177,0.14747399857861967,0.2012673496479002,0.36244860655674277,0.19976320965493535,0.0506903202398457,0.017401225962915576,0.004086543051922012
e100_huber_0075_gate_resid_expected_abs_pct_error_q70,100,risk_gate,valid,384432,0.06487720013446195,0.06530199430729913,0.043617667944030374,0.09744757743894568,0.14263554392051725,0.19342682869502198,0.3475398890029553,0.19190389977941483,0.04599773171848337,0.015219856827735464,0.0034102259957547757
e100_huber_0075_gate_resid_expected_abs_pct_error_q70,100,risk_gate,test,442008,0.0635150183260571,0.06364239100268305,0.04192005977558379,0.09505213294374108,0.1408079347701262,0.1923546934482546,0.3467186455829532,0.18448987348645274,0.04559419739009249,0.01512189824618559,0.0034637382128830246
e100_huber_0075_gate_resid_expected_abs_pct_error_q70,100,risk_gate,recent_holdout,209468,0.06689603166451352,0.0674246399068872,0.04421031747330703,0.09999405079026044,0.14775267979818998,0.20194317686470534,0.364632441594356,0.19997326560620238,0.051143850134626766,0.017654247904214486,0.004172475031985793
e100_huber_0075_gate_resid_expected_abs_pct_error_q85,100,risk_gate,valid,384432,0.06427887613721103,0.06478269892406122,0.04306740104507195,0.09695106338030929,0.14225728950632363,0.19289316876754467,0.3465879770858344,0.19031194073334165,0.04572980397053315,0.015066383651725142,0.003480459483081533
e100_huber_0075_gate_resid_expected_abs_pct_error_q85,100,risk_gate,test,442008,0.06358880001981734,0.06374967598704137,0.04192023459078699,0.09518392240931627,0.14104026208380485,0.19313567044768928,0.3486751550021622,0.18500117644929504,0.04598106821595989,0.015350400897721309,0.003513511067672983
e100_huber_0075_gate_resid_expected_abs_pct_error_q85,100,risk_gate,recent_holdout,209468,0.06689453645235978,0.06741586580821057,0.04422247550345901,0.09998536815317685,0.1477655264692629,0.20188303328052173,0.36452619528102137,0.1999446216128478,0.05108656214791758,0.017611281914182597,0.004162927034200928
e100_huber_0075_gate_best_resid_abs_pct_mean_q50,100,risk_gate,valid,384432,0.06482744567319541,0.06528135727422683,0.04365476770762937,0.09739679837647046,0.14229935454617051,0.19305905925543523,0.346082276427991,0.19166198443417823,0.04565436800266367,0.015074187372539226,0.003350397469513464
e100_huber_0075_gate_best_resid_abs_pct_mean_q50,100,risk_gate,test,442008,0.06353893880889883,0.0636830557540467,0.041938902184159826,0.0950973706639659,0.14086283494001745,0.19261033199360783,0.34719148631984204,0.18462788003837036,0.045757090369405076,0.015142259868599663,0.0034660006153734773
e100_huber_0075_gate_best_resid_abs_pct_mean_q50,100,risk_gate,recent_holdout,209468,0.06684447896446613,0.06730394908971754,0.04420443048999681,0.09991680056639177,0.14747399857861967,0.2012673496479002,0.36244860655674277,0.19976320965493535,0.0506903202398457,0.017401225962915576,0.004086543051922012
e100_huber_0075_gate_best_resid_abs_pct_mean_q70,100,risk_gate,valid,384432,0.06487720013446195,0.06530199430729913,0.043617667944030374,0.09744757743894568,0.14263554392051725,0.19342682869502198,0.3475398890029553,0.19190389977941483,0.04599773171848337,0.015219856827735464,0.0034102259957547757
e100_huber_0075_gate_best_resid_abs_pct_mean_q70,100,risk_gate,test,442008,0.0635150183260571,0.06364239100268305,0.04192005977558379,0.09505213294374108,0.1408079347701262,0.1923546934482546,0.3467186455829532,0.18448987348645274,0.04559419739009249,0.01512189824618559,0.0034637382128830246
e100_huber_0075_gate_best_resid_abs_pct_mean_q70,100,risk_gate,recent_holdout,209468,0.06689603166451352,0.0674246399068872,0.04421031747330703,0.09999405079026044,0.14775267979818998,0.20194317686470534,0.364632441594356,0.19997326560620238,0.051143850134626766,0.017654247904214486,0.004172475031985793
e100_huber_0075_gate_best_resid_abs_pct_mean_q85,100,risk_gate,valid,384432,0.06427887613721103,0.06478269892406122,0.04306740104507195,0.09695106338030929,0.14225728950632363,0.19289316876754467,0.3465879770858344,0.19031194073334165,0.04572980397053315,0.015066383651725142,0.003480459483081533
e100_huber_0075_gate_best_resid_abs_pct_mean_q85,100,risk_gate,test,442008,0.06358880001981734,0.06374967598704137,0.04192023459078699,0.09518392240931627,0.14104026208380485,0.19313567044768928,0.3486751550021622,0.18500117644929504,0.04598106821595989,0.015350400897721309,0.003513511067672983
e100_huber_0075_gate_best_resid_abs_pct_mean_q85,100,risk_gate,recent_holdout,209468,0.06689453645235978,0.06741586580821057,0.04422247550345901,0.09998536815317685,0.1477655264692629,0.20188303328052173,0.36452619528102137,0.1999446216128478,0.05108656214791758,0.017611281914182597,0.004162927034200928
e100_huber_0075_gate_complex_resid_abs_pct_mean_q50,100,risk_gate,valid,384432,0.06458522875042687,0.06493212217788882,0.04355886621182267,0.09700444660694432,0.14160724919430104,0.19184589300134008,0.34214714121768935,0.19038217422066842,0.04494943188912474,0.014710013734548633,0.0032723602613726225
e100_huber_0075_gate_complex_resid_abs_pct_mean_q50,100,risk_gate,test,442008,0.06420185786337618,0.0641927344114526,0.04239655344107021,0.09574606988095927,0.1416554654826502,0.19313794902676906,0.34700468419998687,0.18660295741253552,0.04592450815369858,0.015214656748294149,0.0033189444534940543
e100_huber_0075_gate_complex_resid_abs_pct_mean_q50,100,risk_gate,recent_holdout,209468,0.0674571583168692,0.06767962972454483,0.04459516251946204,0.10075453903463469,0.1485824967600291,0.20208251289875473,0.36399732050321193,0.2022409150801077,0.051134302136841905,0.017673343899784217,0.003905131094009586
e100_huber_0075_gate_complex_resid_abs_pct_mean_q70,100,risk_gate,valid,384432,0.0645126953664948,0.06486676590957945,0.04341630817722088,0.09707159957850967,0.14189502752927582,0.19215305534030408,0.34228358609427056,0.1906188870853623,0.04525637824114538,0.014821867066217173,0.003290568943272152
e100_huber_0075_gate_complex_resid_abs_pct_mean_q70,100,risk_gate,test,442008,0.06405045142521988,0.0641098048330927,0.0422170412484876,0.09562400144603149,0.14165363906791675,0.19333617540054984,0.3477729573789325,0.18623192340410127,0.04603084107074985,0.015271216810555465,0.003361930100812655
e100_huber_0075_gate_complex_resid_abs_pct_mean_q70,100,risk_gate,recent_holdout,209468,0.06729072326714511,0.067589379666353,0.04443321371953385,0.10050891303435874,0.1484020320235952,0.20212392408778893,0.3645477521263207,0.2014388832661791,0.05112952813794947,0.017706761892031242,0.003943323085149044
e100_huber_0075_gate_complex_resid_abs_pct_mean_q85,100,risk_gate,valid,384432,0.06440910207189443,0.0648344669054129,0.043247130779114684,0.09704722977714413,0.14213748897525796,0.1925032109600176,0.3434599787147634,0.19053564739667875,0.0455243059890956,0.01493111915761435,0.0033113788654430434
e100_huber_0075_gate_complex_resid_abs_pct_mean_q85,100,risk_gate,test,442008,0.06390620793328132,0.06403461782111401,0.04206653405536257,0.09548672598321131,0.14149774328688738,0.19326149506831466,0.34857842667258604,0.1859672223127183,0.046067039510597096,0.015370762520135382,0.0033936037356789924
e100_huber_0075_gate_complex_resid_abs_pct_mean_q85,100,risk_gate,recent_holdout,209468,0.06718219692056392,0.06754552192649747,0.04437716744893985,0.10035679283004806,0.14826175142938475,0.20227963328578336,0.3651433149538785,0.20110470334370883,0.05122978211469055,0.017807015868772317,0.0040292550652128245
e100_huber_0075_gate_sgg_resid_abs_pct_mean_q50,100,risk_gate,valid,384432,0.06486117439868264,0.06523647351979299,0.04376449975184646,0.0973778916544536,0.14217356809072043,0.1926835271634428,0.34448252215308767,0.19150070753735382,0.04555291963208057,0.014972739001956132,0.0032853664627294295
e100_huber_0075_gate_sgg_resid_abs_pct_mean_q50,100,risk_gate,test,442008,0.06403436738907191,0.06412706574602076,0.04230979440486621,0.09556750205425137,0.14144417535586187,0.19321579452552748,0.3481421465371765,0.18608939204720276,0.045974281008488535,0.015271216810555465,0.0034456389929594035
e100_huber_0075_gate_sgg_resid_abs_pct_mean_q50,100,risk_gate,recent_holdout,209468,0.06705614025815769,0.06748081287921263,0.044314120313332914,0.10016833813187086,0.14789928223421284,0.2016630418550504,0.36375529490005676,0.2004936314854775,0.05090992418889759,0.017611281914182597,0.004038803062997689
e100_huber_0075_gate_sgg_resid_abs_pct_mean_q70,100,risk_gate,valid,384432,0.06469116606663762,0.06513101346886267,0.04346859778217059,0.09733045795426477,0.14240224325732817,0.19291468219416621,0.34607380162055296,0.191394056686228,0.045698589087276816,0.015102801015524202,0.003350397469513464
e100_huber_0075_gate_sgg_resid_abs_pct_mean_q70,100,risk_gate,test,442008,0.06368553871939335,0.0638254891152321,0.04203787591767216,0.09516494943216024,0.14086106878892096,0.19261484623415187,0.34710911272123574,0.18489936833722467,0.04563944543990154,0.015162621491013738,0.0034569510054116665
e100_huber_0075_gate_sgg_resid_abs_pct_mean_q70,100,risk_gate,recent_holdout,209468,0.0670388837903189,0.06750543942885888,0.044306128959391136,0.10016424590033825,0.1479424834257728,0.20179660770780714,0.36416278500174415,0.20047453548990776,0.050986308171176505,0.01762560391085989,0.004096091049706876
e100_huber_0075_gate_sgg_resid_abs_pct_mean_q85,100,risk_gate,valid,384432,0.0644873363498153,0.06499213626960017,0.043258673645705396,0.09711184356959392,0.14224312882555365,0.1926892983860598,0.34637708683311974,0.190839992508428,0.04557633079452283,0.015102801015524202,0.0034128272360261372
e100_huber_0075_gate_sgg_resid_abs_pct_mean_q85,100,risk_gate,test,442008,0.06368510890906487,0.06389813960153885,0.04198546215344179,0.09526501599233336,0.14115853747950668,0.1930730285409283,0.3489756619909526,0.18518895585600262,0.045899621726303595,0.015341351287759498,0.0035044614577111727
e100_huber_0075_gate_sgg_resid_abs_pct_mean_q85,100,risk_gate,recent_holdout,209468,0.06691158706583317,0.06744851093005429,0.04422500713460008,0.10002429022409645,0.1478609821073793,0.2019885076245806,0.36487016321731325,0.2000639715851586,0.05115817213130407,0.017644699906429622,0.004186797028663089
e100_huber_0075_gate_complex_resid_error_gt_20_rate_q50,100,risk_gate,valid,384432,0.06452489488120314,0.06490494794673433,0.04353049220599807,0.09692373686167659,0.14148747919839155,0.1915871816743645,0.34179265708618345,0.19014546135597452,0.04495983685021018,0.014741228617804969,0.0032853664627294295
e100_huber_0075_gate_complex_resid_error_gt_20_rate_q50,100,risk_gate,test,442008,0.06429102759589828,0.06428346496934531,0.042558597166864096,0.09581061656725048,0.14171774882295843,0.19311117331110003,0.3465141242159719,0.18682467285659987,0.04595844419105537,0.015171671100975549,0.003348355685869939
e100_huber_0075_gate_complex_resid_error_gt_20_rate_q50,100,risk_gate,recent_holdout,209468,0.06750547930289152,0.0677423274174234,0.04469345673611154,0.10074650124640568,0.14857350972795674,0.20208311808442223,0.3640063305620949,0.20221704508564553,0.05112952813794947,0.017668569900891783,0.003957645081826341
e100_huber_0075_gate_complex_resid_error_gt_20_rate_q70,100,risk_gate,valid,384432,0.06446840289076063,0.06486657806820943,0.043418477481811504,0.09698871021313954,0.14181588834005293,0.19194067489700198,0.3424803331550863,0.19037437049985434,0.04523036583843176,0.014850480709202148,0.003303575144628959
e100_huber_0075_gate_complex_resid_error_gt_20_rate_q70,100,risk_gate,test,442008,0.06405471928190407,0.06412067174493388,0.04224748129798576,0.09565861347686855,0.14159330009443372,0.1931959273948137,0.34757144674754303,0.18632694430870028,0.0460285786682594,0.015248592785650938,0.003370979710774466
e100_huber_0075_gate_complex_resid_error_gt_20_rate_q70,100,risk_gate,recent_holdout,209468,0.06728869173502516,0.06760554083531506,0.044464451463363905,0.10050461064982055,0.14824533765365397,0.20222105853272082,0.36434550989061704,0.2013815952794699,0.05116772012908893,0.017711535890923672,0.003995837072965799
e100_huber_0075_gate_complex_resid_error_gt_20_rate_q85,100,risk_gate,valid,384432,0.06437302586492034,0.06481375283151239,0.043198896343327554,0.09696610630549966,0.14206173544947548,0.1924549004572143,0.3433174457875969,0.19032754817496983,0.045438465060140674,0.014936321638157073,0.0033399925084280184
e100_huber_0075_gate_complex_resid_error_gt_20_rate_q85,100,risk_gate,test,442008,0.06390348263158895,0.0640350190718797,0.04209221929908397,0.09551521048060688,0.14150761123785618,0.19324721158286903,0.34836703315115747,0.1860260447774701,0.046048940290673475,0.015363975312664023,0.0034117029556026135
e100_huber_0075_gate_complex_resid_error_gt_20_rate_q85,100,risk_gate,recent_holdout,209468,0.06716810463955461,0.06754514436492337,0.04437647442188477,0.10037460678075558,0.14817411630133312,0.20240174089663399,0.3645231610314373,0.2011142513414937,0.05128707010139974,0.017735405885385833,0.004048351060782554
e100_huber_0075_gate_sgg_resid_error_gt_20_rate_q50,100,risk_gate,valid,384432,0.06490829425912979,0.06526691715453119,0.043790937586758484,0.0973927183751764,0.1421690116539792,0.1926679017204792,0.3444877764538282,0.19149290381653972,0.04553991343072377,0.015055978690639698,0.003282765222458068
e100_huber_0075_gate_sgg_resid_error_gt_20_rate_q50,100,risk_gate,test,442008,0.06433443777235363,0.06440331571280042,0.042532127672326295,0.09591931465700214,0.1418379152089633,0.19385221862855154,0.34996105170856134,0.18716855803514867,0.046356627029375035,0.015540442706919332,0.003486362237787551
e100_huber_0075_gate_sgg_resid_error_gt_20_rate_q50,100,risk_gate,recent_holdout,209468,0.06720203895452019,0.06761414310269209,0.04440457670562978,0.100302429224727,0.14808028235104087,0.20205311115873556,0.3647295599446535,0.20094716138025856,0.051134302136841905,0.017759275879847995,0.004048351060782554
e100_huber_0075_gate_sgg_resid_error_gt_20_rate_q70,100,risk_gate,valid,384432,0.06487273403378165,0.06529920510049629,0.04367335150647371,0.09753223580108192,0.14252502651713914,0.1930835639594538,0.3469937584559979,0.19197933574728432,0.04583125234111624,0.015258875431805884,0.003355599950056187
e100_huber_0075_gate_sgg_resid_error_gt_20_rate_q70,100,risk_gate,test,442008,0.06418002579853704,0.06426949401244506,0.04238943993177306,0.09579137883852101,0.14177443454215116,0.1938429593262196,0.3496840244089967,0.1867816872092813,0.04627291813722829,0.015497457059600732,0.003511248665182531
e100_huber_0075_gate_sgg_resid_error_gt_20_rate_q70,100,risk_gate,recent_holdout,209468,0.06709171198135391,0.06754658929224634,0.044306128959391136,0.10019884366767594,0.1481020130856712,0.20203532238393607,0.36544634457927055,0.20060820745889588,0.05115817213130407,0.017783145874310156,0.004143831038631199
e100_huber_0075_gate_sgg_resid_error_gt_20_rate_q85,100,risk_gate,valid,384432,0.06466979253253702,0.06514416881732651,0.04340981193989922,0.09732601143911689,0.1425534344809139,0.1933113020799231,0.3480059960924407,0.19152671994006742,0.045969118075498396,0.015365526282931702,0.003446643359553835
e100_huber_0075_gate_sgg_resid_error_gt_20_rate_q85,100,risk_gate,test,442008,0.06366974204052954,0.0638757219836544,0.041967565902705166,0.09525933692670044,0.1412348436150219,0.19317194250950542,0.3492175480208412,0.1852319415033212,0.04597201860599808,0.015361712910173572,0.0035316102875966046
e100_huber_0075_gate_sgg_resid_error_gt_20_rate_q85,100,risk_gate,recent_holdout,209468,0.06692620280221798,0.06747466553358403,0.04424063764739078,0.10004063313873751,0.1479144596824125,0.2020186876542981,0.364984275880799,0.20011171157408292,0.05115817213130407,0.017678117898676647,0.004191571027555522
e100_huber_0075_gate_complex_resid_confidence_q30,100,confidence_gate,valid,384432,0.06465147292388658,0.06496779931764322,0.04345964657727269,0.09718917652472188,0.1421526720873237,0.19252346301142606,0.34239445193523715,0.19103248428850877,0.04543066133932659,0.01487129063137304,0.0032203354559453947
e100_huber_0075_gate_complex_resid_confidence_q30,100,confidence_gate,test,442008,0.06429503006587632,0.06437295831340087,0.04236166983154532,0.09597477590084921,0.14203924604504523,0.1939076761472163,0.3478202035158318,0.18729751497710448,0.046424499104088614,0.015363975312664023,0.0033641925033031077
e100_huber_0075_gate_complex_resid_confidence_q30,100,confidence_gate,recent_holdout,209468,0.06752391881981297,0.06780328963995884,0.04453040362109967,0.10075671054416574,0.14883735432495884,0.20275784955275325,0.36624601974677273,0.20232207306127906,0.051573510034945674,0.01799797582446961,0.003919453090686883
e100_huber_0075_gate_complex_resid_confidence_q50,100,confidence_gate,valid,384432,0.06470246259916686,0.06497443770809827,0.043605646039756814,0.09712582783851906,0.1417989278335389,0.1919470156741523,0.34196499070825337,0.19066831065051817,0.04512371498730595,0.014756836059433138,0.0032125317351313107
e100_huber_0075_gate_complex_resid_confidence_q50,100,confidence_gate,test,442008,0.06447841286719941,0.06449285027292216,0.04261345927966754,0.09609601830700555,0.14199544490333316,0.1937693271771524,0.3469611907981918,0.1877409458652332,0.046300066967113716,0.015298365640440898,0.003346093283379486
e100_huber_0075_gate_complex_resid_confidence_q50,100,confidence_gate,recent_holdout,209468,0.06766742741262761,0.06788360362064282,0.04468171924266684,0.10098116647230564,0.1489425081089868,0.20274258644715873,0.3656558476083101,0.20301430290068173,0.05152577004602135,0.017945461836652854,0.0038764871006549927
e100_huber_0075_gate_complex_resid_confidence_q70,100,confidence_gate,valid,384432,0.0647051187770636,0.06496862774026338,0.04371915055282975,0.09703049865530497,0.14140374644724515,0.19142955023610153,0.3409929999070261,0.19029373205144212,0.044842781037998915,0.014631976526407792,0.0031891205726890582
e100_huber_0075_gate_complex_resid_confidence_q70,100,confidence_gate,test,442008,0.0646622186748322,0.06461419211795666,0.04289053548607655,0.0961894073825576,0.14196148833388478,0.1936612024450302,0.34593040810950293,0.1880961430562343,0.04623445729489059,0.01520786954082279,0.0033234692584749597
e100_huber_0075_gate_complex_resid_confidence_q70,100,confidence_gate,recent_holdout,209468,0.06782891815958168,0.06798104536428362,0.04491328143950453,0.10111877841044224,0.14902060072373985,0.20249401310683826,0.3652421967627311,0.20342964080432333,0.051349132087001356,0.017883399851051234,0.003890809097332289
e100_huber_0075_gate_sgg_resid_confidence_q30,100,confidence_gate,valid,384432,0.0649235535146048,0.06537570969146597,0.043684444819086475,0.09747819913237112,0.14276671444511976,0.19342682869502198,0.347600923786042,0.19179464768801766,0.046002934199026096,0.015334311399675365,0.0034050235152120532
e100_huber_0075_gate_sgg_resid_confidence_q30,100,confidence_gate,test,442008,0.06390144992926104,0.06411854214595122,0.042124193236959304,0.09538353649680836,0.14144599892060264,0.1936386818272244,0.35002276018402345,0.18568442200141175,0.046207308465005155,0.015438634594848961,0.003529347885106152
e100_huber_0075_gate_sgg_resid_confidence_q30,100,confidence_gate,recent_holdout,209468,0.06705476051751709,0.06759062487468058,0.04437716744893985,0.10016833813187086,0.14806681218629889,0.2020897238927038,0.364934280010042,0.20051750147993966,0.051267974105830005,0.017735405885385833,0.004191571027555522
e100_huber_0075_gate_sgg_resid_confidence_q50,100,confidence_gate,valid,384432,0.06500852790482212,0.06538559036833579,0.043866822776610956,0.0974834506509763,0.14236565260503342,0.1929221394336763,0.3460029993965844,0.19177904024638948,0.04574801265243268,0.015167832022308236,0.0033061763849003205
e100_huber_0075_gate_sgg_resid_confidence_q50,100,confidence_gate,test,442008,0.0645057054191917,0.06461246521091589,0.042700349424083,0.09605335974050493,0.14207428735741315,0.1943157892937919,0.3506387802698762,0.1876165137282583,0.046619065718267544,0.01566713724638468,0.00350219905522072
e100_huber_0075_gate_sgg_resid_confidence_q50,100,confidence_gate,recent_holdout,209468,0.06717344902896716,0.06763906796928165,0.044454025449978375,0.10027771285017455,0.14814476817917382,0.20213505943624788,0.364934280010042,0.20082303740905533,0.05126320010693757,0.017773597876525292,0.004153379036416063
e100_huber_0075_gate_sgg_resid_confidence_q70,100,confidence_gate,valid,384432,0.06489330451699522,0.06524795022407823,0.043837996050023864,0.09714877104231719,0.1418367743744642,0.19236023900690483,0.3439252987645933,0.1907281391767595,0.045324010488200776,0.014972739001956132,0.003277562741915345
e100_huber_0075_gate_sgg_resid_confidence_q70,100,confidence_gate,test,442008,0.06478772217997077,0.06476906810455095,0.04302288799594062,0.09631126403197444,0.1422588227818591,0.19430547739931173,0.3498828797097887,0.18840835459991676,0.04659417929087256,0.015558541926842953,0.003447901395449856
e100_huber_0075_gate_sgg_resid_confidence_q70,100,confidence_gate,recent_holdout,209468,0.067526932831588,0.06788347415351975,0.04468449065824366,0.10072385143292584,0.148605188176162,0.2025862927483211,0.3667541670125892,0.20209769511333472,0.05156396203716081,0.01787385185326637,0.00412473504306147
e100_huber_010_blend_w25,100,static_blend,valid,384432,0.06427861782894416,0.06456788236670481,0.04326470369335389,0.09641690436587114,0.14096916657920974,0.1911811116853321,0.34119278760280086,0.18846245890040372,0.04471792150497357,0.014579951720980564,0.0032645565405585385
e100_huber_010_blend_w25,100,static_blend,test,442008,0.06418252157111964,0.0640769781457183,0.04256989660980043,0.09535698699994849,0.14103133019155295,0.1926567577783412,0.3459360527925045,0.18526361513818754,0.04565528225733471,0.015101536623771516,0.003361930100812655
e100_huber_010_blend_w25,100,static_blend,recent_holdout,209468,0.06751609336929555,0.06764141663048859,0.04475718246739829,0.10048786705060146,0.14800615371121867,0.2012311968694893,0.36327658713584027,0.2014388832661791,0.05069986823763057,0.01751102793744152,0.003905131094009586
e100_huber_010_blend_w50,100,static_blend,valid,384432,0.06398478996504631,0.06431006661005564,0.042910648732670045,0.09619402719779056,0.14078050055987984,0.19131823131036188,0.342817984536045,0.18776792774795023,0.044764743829858074,0.014634577766679152,0.0033399925084280184
e100_huber_010_blend_w50,100,static_blend,test,442008,0.06366453666628981,0.06360777592896269,0.04201728636409534,0.09488280301463431,0.14043641870639334,0.19241335553159097,0.3454250839914625,0.18394915929123454,0.04539510597093265,0.015146784673580568,0.0034117029556026135
e100_huber_010_blend_w50,100,static_blend,recent_holdout,209468,0.06700020670634926,0.06724529815058247,0.04421885969667439,0.09982492711582402,0.14743415732835438,0.20086599858426732,0.36211442652687476,0.19951018771363646,0.0505423262741803,0.01736780797066855,0.003967193079611206
e100_huber_010_blend_w75,100,static_blend,valid,384432,0.06387820804732852,0.06426638750805282,0.04269522377275346,0.09619115782656723,0.14102632879771454,0.19156733248572885,0.3445278213233793,0.18754422108461313,0.044972843051566985,0.014775044741332668,0.00341802971656886
e100_huber_010_blend_w75,100,static_blend,test,442008,0.06333539507844355,0.06335806784706516,0.04169317880366983,0.09459630831445513,0.14032848977990275,0.19228460707746686,0.34666905272545906,0.18321161607934697,0.04536569473855677,0.015151309478561473,0.00346826301786393
e100_huber_010_blend_w75,100,static_blend,recent_holdout,209468,0.06666757065701338,0.06703516722686283,0.043875512212589465,0.09949589605652248,0.14713251287898335,0.2011929997258803,0.3628194629963268,0.19835010598277542,0.050728512230985165,0.01741077396070044,0.004072221055244715
e100_huber_010_gate_resid_expected_abs_pct_error_q50,100,risk_gate,valid,384432,0.06472089748695617,0.06512946015904182,0.043424947760337784,0.09711360748588459,0.1421817703905366,0.19308862192761475,0.3465528130624207,0.19074894909893036,0.04566737420402048,0.015100199775252841,0.0033451949889707414
e100_huber_010_gate_resid_expected_abs_pct_error_q50,100,risk_gate,test,442008,0.06320861139601232,0.06332977424549371,0.041550653819208055,0.09462413638486612,0.14034559211260375,0.19209600602201393,0.34644483802106274,0.1832048288718756,0.045476552460588945,0.015058550976452915,0.0034592134079021192
e100_huber_010_gate_resid_expected_abs_pct_error_q50,100,risk_gate,recent_holdout,209468,0.06650621106184115,0.06693657231539486,0.043757126557081354,0.09944918082874281,0.14691779304735225,0.20066567867115376,0.3616296127482783,0.19831668799052837,0.050289304332881396,0.017238910000572878,0.004091317050814444
e100_huber_010_gate_resid_expected_abs_pct_error_q70,100,risk_gate,valid,384432,0.06474570782020142,0.06510401830447497,0.04334840310585106,0.0971279170174647,0.14236081023712424,0.19338018303690294,0.3482352894691147,0.19089721979439797,0.04601073791984018,0.015238065509634994,0.0034206309568402212
e100_huber_010_gate_resid_expected_abs_pct_error_q70,100,risk_gate,test,442008,0.06318535285816222,0.0632838517321854,0.041527951971704946,0.0945663037309315,0.1402953461381507,0.19191267025055034,0.3460491338176758,0.1830826591373912,0.04532723389621907,0.015031402146567483,0.0034569510054116665
e100_huber_010_gate_resid_expected_abs_pct_error_q70,100,risk_gate,recent_holdout,209468,0.0665470273988085,0.06703227166146208,0.04375620062394103,0.0994766065443965,0.14717787104101826,0.20137472087039945,0.36398383075876567,0.1984503599595165,0.05068554624095327,0.01747283594630206,0.004172475031985793
e100_huber_010_gate_resid_expected_abs_pct_error_q85,100,risk_gate,valid,384432,0.0640156323369373,0.06446357460959953,0.042686412307306854,0.09655327181702938,0.1417451381120751,0.19256872439906414,0.3465175588642052,0.18893848587006284,0.04558933699587964,0.0149883464435843,0.003498668164981063
e100_huber_010_gate_resid_expected_abs_pct_error_q85,100,risk_gate,test,442008,0.06323874981591217,0.06335063578768353,0.04148725365066866,0.09466315573828192,0.140467340077384,0.19259306565136367,0.3476762771283418,0.18343559392590178,0.045671119074767876,0.015255379993122296,0.003511248665182531
e100_huber_010_gate_resid_expected_abs_pct_error_q85,100,risk_gate,recent_holdout,209468,0.0665501439795103,0.0670221177902897,0.04376221301290332,0.09946960885331269,0.14724359666628437,0.20134720889229252,0.36361901624095827,0.19844558596062406,0.050695094238738136,0.017453739950732333,0.004172475031985793
e100_huber_010_gate_best_resid_abs_pct_mean_q50,100,risk_gate,valid,384432,0.06472089748695617,0.06512946015904182,0.043424947760337784,0.09711360748588459,0.1421817703905366,0.19308862192761475,0.3465528130624207,0.19074894909893036,0.04566737420402048,0.015100199775252841,0.0033451949889707414
e100_huber_010_gate_best_resid_abs_pct_mean_q50,100,risk_gate,test,442008,0.06320861139601232,0.06332977424549371,0.041550653819208055,0.09462413638486612,0.14034559211260375,0.19209600602201393,0.34644483802106274,0.1832048288718756,0.045476552460588945,0.015058550976452915,0.0034592134079021192
e100_huber_010_gate_best_resid_abs_pct_mean_q50,100,risk_gate,recent_holdout,209468,0.06650621106184115,0.06693657231539486,0.043757126557081354,0.09944918082874281,0.14691779304735225,0.20066567867115376,0.3616296127482783,0.19831668799052837,0.050289304332881396,0.017238910000572878,0.004091317050814444
e100_huber_010_gate_best_resid_abs_pct_mean_q70,100,risk_gate,valid,384432,0.06474570782020142,0.06510401830447497,0.04334840310585106,0.0971279170174647,0.14236081023712424,0.19338018303690294,0.3482352894691147,0.19089721979439797,0.04601073791984018,0.015238065509634994,0.0034206309568402212
e100_huber_010_gate_best_resid_abs_pct_mean_q70,100,risk_gate,test,442008,0.06318535285816222,0.0632838517321854,0.041527951971704946,0.0945663037309315,0.1402953461381507,0.19191267025055034,0.3460491338176758,0.1830826591373912,0.04532723389621907,0.015031402146567483,0.0034569510054116665
e100_huber_010_gate_best_resid_abs_pct_mean_q70,100,risk_gate,recent_holdout,209468,0.0665470273988085,0.06703227166146208,0.04375620062394103,0.0994766065443965,0.14717787104101826,0.20137472087039945,0.36398383075876567,0.1984503599595165,0.05068554624095327,0.01747283594630206,0.004172475031985793
e100_huber_010_gate_best_resid_abs_pct_mean_q85,100,risk_gate,valid,384432,0.0640156323369373,0.06446357460959953,0.042686412307306854,0.09655327181702938,0.1417451381120751,0.19256872439906414,0.3465175588642052,0.18893848587006284,0.04558933699587964,0.0149883464435843,0.003498668164981063
e100_huber_010_gate_best_resid_abs_pct_mean_q85,100,risk_gate,test,442008,0.06323874981591217,0.06335063578768353,0.04148725365066866,0.09466315573828192,0.140467340077384,0.19259306565136367,0.3476762771283418,0.18343559392590178,0.045671119074767876,0.015255379993122296,0.003511248665182531
e100_huber_010_gate_best_resid_abs_pct_mean_q85,100,risk_gate,recent_holdout,209468,0.0665501439795103,0.0670221177902897,0.04376221301290332,0.09946960885331269,0.14724359666628437,0.20134720889229252,0.36361901624095827,0.19844558596062406,0.050695094238738136,0.017453739950732333,0.004172475031985793
e100_huber_010_gate_complex_resid_abs_pct_mean_q50,100,risk_gate,valid,384432,0.0644475271206326,0.06474551156022305,0.04332363857524639,0.09684442856515713,0.14140220530695327,0.19168886212999675,0.341987285128445,0.18978649019852667,0.04486359096016981,0.014668393890206851,0.003269759021101261
e100_huber_010_gate_complex_resid_abs_pct_mean_q50,100,risk_gate,test,442008,0.06402462585941335,0.06397037212885741,0.042126363801273776,0.09551674764128804,0.14139171287513624,0.19294413686471606,0.34732070279137245,0.1859151870554379,0.04578197679680006,0.015225968760746411,0.003337043673417676
e100_huber_010_gate_complex_resid_abs_pct_mean_q50,100,risk_gate,recent_holdout,209468,0.06729048763108648,0.06745884750193772,0.044279074674747926,0.10045182663211688,0.14820210314819135,0.2021073763734472,0.3640109080788369,0.20133385529054557,0.05104837015677812,0.017692439895353945,0.003900357095117154
e100_huber_010_gate_complex_resid_abs_pct_mean_q70,100,risk_gate,valid,384432,0.06434418751024332,0.06463253856979972,0.0431141377531135,0.09683838877367139,0.14159141233792005,0.1919287403201652,0.3422917016366371,0.1897968951596121,0.04511070878594914,0.014772443501061307,0.003290568943272152
e100_huber_010_gate_complex_resid_abs_pct_mean_q70,100,risk_gate,test,442008,0.06383654235447166,0.06383428126455258,0.04189044065598719,0.09529339379730115,0.1413744339482022,0.19309472546903197,0.3474018751173916,0.18534506162784384,0.04582948724909956,0.015289316030479087,0.003373242113264918
e100_huber_010_gate_complex_resid_abs_pct_mean_q70,100,risk_gate,recent_holdout,209468,0.06708306382070675,0.06731288894319279,0.044069314723529436,0.10015663614033794,0.1480467074717095,0.2021041194372218,0.3649125473141723,0.2004076995054137,0.05102450016231596,0.01772108388870854,0.003943323085149044
e100_huber_010_gate_complex_resid_abs_pct_mean_q85,100,risk_gate,valid,384432,0.0642070985438345,0.06455872683873759,0.042910850921115296,0.09674402682302864,0.14178015427723079,0.19220878345717862,0.3433122024803017,0.1894873475673201,0.04537343405335664,0.01485568318974487,0.0033113788654430434
e100_huber_010_gate_complex_resid_abs_pct_mean_q85,100,risk_gate,test,442008,0.06364856105140927,0.0637073189748348,0.04170743177296622,0.09502577583080238,0.14114804475790194,0.19302346243882937,0.3480875996795904,0.1847342129554216,0.045899621726303595,0.015350400897721309,0.0033981285406598978
e100_huber_010_gate_complex_resid_abs_pct_mean_q85,100,risk_gate,recent_holdout,209468,0.06694054501413313,0.06722578497900059,0.043951078761135784,0.09995015143906243,0.14790574854035157,0.20213369317643623,0.36571832690359407,0.19983959363721426,0.051110432142379744,0.017807015868772317,0.004014933068535528
e100_huber_010_gate_sgg_resid_abs_pct_mean_q50,100,risk_gate,valid,384432,0.06477203067014725,0.06508744046473161,0.04359180256314413,0.09710602424235709,0.14195077191347494,0.19253925550953124,0.34482214479384854,0.19063449452699047,0.04541505389769842,0.014915511715986183,0.003287967703000791
e100_huber_010_gate_sgg_resid_abs_pct_mean_q50,100,risk_gate,test,442008,0.06381280721989505,0.06385527313326604,0.041987132560467565,0.09521959224369875,0.14106434048064156,0.19294287850009476,0.34782105544601655,0.18510977176883675,0.04582722484660911,0.015205607138332338,0.0034320645780166873
e100_huber_010_gate_sgg_resid_abs_pct_mean_q50,100,risk_gate,recent_holdout,209468,0.06677544586426108,0.06715776099089756,0.04393274217973349,0.09973495357231282,0.14747822890998397,0.20106130180484771,0.36340236841480683,0.19912826780224188,0.0505423262741803,0.017477609945194494,0.004043577061890122
e100_huber_010_gate_sgg_resid_abs_pct_mean_q70,100,risk_gate,valid,384432,0.06456285522438616,0.06493252169387818,0.04320702915219088,0.09705007663408603,0.14206340815442212,0.19277448639731873,0.3462803368205048,0.1904992300328797,0.045555520872351936,0.015084592333624672,0.003363403670870271
e100_huber_010_gate_sgg_resid_abs_pct_mean_q70,100,risk_gate,test,442008,0.06336835331241923,0.06346362255083511,0.04167540814978067,0.09471220617728619,0.1403552594310378,0.19209752653130224,0.34625416069236437,0.18353966444046263,0.04533628350618089,0.01503818935403884,0.0034546886029212143
e100_huber_010_gate_sgg_resid_abs_pct_mean_q70,100,risk_gate,recent_holdout,209468,0.06673616023812964,0.06715024728372572,0.04389825265530745,0.09969509472990787,0.14744670456400763,0.20131876479857133,0.36389537821208895,0.19902801382550078,0.05065690224759868,0.017458513949624763,0.004115187045276606
e100_huber_010_gate_sgg_resid_abs_pct_mean_q85,100,risk_gate,valid,384432,0.06428397133374612,0.06472082993539616,0.04292139690988836,0.09675013268526043,0.14178425633569525,0.19241344043101005,0.3462275292595989,0.18959139717817455,0.04540464893661298,0.015027365047654721,0.0034362383984683897
e100_huber_010_gate_sgg_resid_abs_pct_mean_q85,100,risk_gate,test,442008,0.06333572124785651,0.06349276476109848,0.04156774856332128,0.0947317841405985,0.14055843044736663,0.19256842911843705,0.34793216366886687,0.1836505221624948,0.04559872219507339,0.015244067980670033,0.0035067238602016254
e100_huber_010_gate_sgg_resid_abs_pct_mean_q85,100,risk_gate,recent_holdout,209468,0.0665700851188275,0.06705098321462462,0.043752391895490524,0.09949285843227068,0.1473186510737487,0.20154257689415922,0.36429910613107164,0.1984837779517635,0.050781026218801914,0.01747283594630206,0.004182023029770657
e100_huber_010_gate_complex_resid_error_gt_20_rate_q50,100,risk_gate,valid,384432,0.06438243023868247,0.06471277528955725,0.043277720143050445,0.09671057372158287,0.14122756391698144,0.19133575945830603,0.34185038967771,0.18942231656053607,0.04487919840179798,0.014710013734548633,0.0032853664627294295
e100_huber_010_gate_complex_resid_error_gt_20_rate_q50,100,risk_gate,test,442008,0.06411111900464099,0.06405658746260898,0.04231114390103746,0.09555265974074194,0.14150715212002737,0.1929881151786591,0.3466165063062523,0.18600342075256557,0.04580007601672368,0.01518072071093736,0.0033574052958317497
e100_huber_010_gate_complex_resid_error_gt_20_rate_q50,100,risk_gate,recent_holdout,209468,0.06733749414826506,0.06751909683506241,0.0444212293760319,0.10043209152842514,0.1482792543034063,0.2021073763734472,0.3640408154053246,0.2013099852960834,0.05103882215899326,0.017673343899784217,0.003948097084041476
e100_huber_010_gate_complex_resid_error_gt_20_rate_q70,100,risk_gate,valid,384432,0.06429098098475641,0.06462329882500359,0.0431185082376189,0.09674489859208235,0.1414811574126542,0.19159876067826448,0.34241466732882564,0.189479543846506,0.04509510134432097,0.014777645981604028,0.0033139801057144045
e100_huber_010_gate_complex_resid_error_gt_20_rate_q70,100,risk_gate,test,442008,0.06383003509425116,0.06383455859647522,0.041924210034087236,0.09529385713111892,0.1412225267194995,0.19301361859968635,0.3469746074060763,0.18532470000542978,0.04586342328645635,0.015248592785650938,0.003380029320736276
e100_huber_010_gate_complex_resid_error_gt_20_rate_q70,100,risk_gate,recent_holdout,209468,0.06707415552639727,0.06732162839035324,0.04409332154772279,0.1001445165812916,0.1479851183526098,0.20218208396717113,0.3644652357757956,0.200388603509844,0.051053144155670555,0.017706761892031242,0.003991063074073367
e100_huber_010_gate_complex_resid_error_gt_20_rate_q85,100,risk_gate,valid,384432,0.064163308374901,0.06453160852536506,0.0428725203903535,0.09666010494264352,0.14163182114330747,0.19209307332518152,0.34328346730918663,0.18925323594289759,0.04531620676738669,0.01485568318974487,0.003350397469513464
e100_huber_010_gate_complex_resid_error_gt_20_rate_q85,100,risk_gate,test,442008,0.06364144142206053,0.06370475138900225,0.041714847262376585,0.09504419597588722,0.1410920126432417,0.19299089263478042,0.3477875243694791,0.18470253932055528,0.04590188412879405,0.015336826482778593,0.0034252773705453297
e100_huber_010_gate_complex_resid_error_gt_20_rate_q85,100,risk_gate,recent_holdout,209468,0.06691843434530996,0.06721808806812943,0.04395591654843589,0.09995370438973505,0.14775420845522808,0.20226220707317574,0.3649125473141723,0.19984914163499914,0.0511486241335192,0.017716309889816106,0.0040292550652128245
e100_huber_010_gate_sgg_resid_error_gt_20_rate_q50,100,risk_gate,valid,384432,0.06482400984221688,0.06511344263683601,0.0436164437543682,0.09710463467657406,0.14194653496418425,0.1924660695216614,0.3448516892151269,0.1907411453781163,0.0453630290922712,0.0149883464435843,0.003277562741915345
e100_huber_010_gate_sgg_resid_error_gt_20_rate_q50,100,risk_gate,test,442008,0.06416917101604754,0.06416990730717277,0.0422702785881926,0.09557984990480121,0.1415972062451801,0.19374985735366465,0.3496012558935981,0.18625907223398672,0.046286492552171,0.015511031474543448,0.003475050225335288
e100_huber_010_gate_sgg_resid_error_gt_20_rate_q50,100,risk_gate,recent_holdout,209468,0.0669575013663432,0.06731474153820734,0.04404895851554713,0.09990299384770084,0.14770540461657936,0.20184602870295865,0.36449413378329837,0.19966295567819428,0.050876506196650566,0.017668569900891783,0.0040578990585674185
e100_huber_010_gate_sgg_resid_error_gt_20_rate_q70,100,risk_gate,valid,384432,0.06473571713340054,0.06507718428327587,0.04340830859311237,0.09717868306958038,0.14219225470785035,0.19292995397543714,0.3472908336875184,0.19099866816498107,0.04568038040537729,0.015199046905564574,0.0033712073916843553
e100_huber_010_gate_sgg_resid_error_gt_20_rate_q70,100,risk_gate,test,442008,0.06397214298979442,0.06398982743746381,0.04207646299283996,0.09544428497184176,0.14144151002962027,0.19364705515835054,0.3492302323122518,0.1857726556985394,0.046195996452552894,0.0154703082297153,0.00350219905522072
e100_huber_010_gate_sgg_resid_error_gt_20_rate_q70,100,risk_gate,recent_holdout,209468,0.06680151281960742,0.06719201251090272,0.04389622983650596,0.0997192488680669,0.14757560860028052,0.2017118874684576,0.36533419358590197,0.1990900758111024,0.0508669581988657,0.01765902190310692,0.004148605037523631
e100_huber_010_gate_sgg_resid_error_gt_20_rate_q85,100,risk_gate,valid,384432,0.06449225555715049,0.064880328184006,0.04308119653405494,0.0969497672108992,0.14213027611977122,0.19317406065581616,0.34813195772395544,0.19034315561659798,0.04587547342572939,0.015295292795604945,0.003477858242810172
e100_huber_010_gate_sgg_resid_error_gt_20_rate_q85,100,risk_gate,test,442008,0.06331542360789433,0.06346391486486994,0.04153387588259228,0.09471719168113826,0.14061983688307128,0.192624655160645,0.3481589672719868,0.18363242294257118,0.045659807062315615,0.015268954408065012,0.0035406598975584154
e100_huber_010_gate_sgg_resid_error_gt_20_rate_q85,100,risk_gate,recent_holdout,209468,0.06658334973744812,0.06707531324374826,0.04376252093721245,0.09949285843227068,0.14737967669794189,0.2016650533059221,0.3645488547377982,0.1984837779517635,0.05082399220883381,0.01751102793744152,0.004186797028663089
e100_huber_010_gate_complex_resid_confidence_q30,100,confidence_gate,valid,384432,0.0645050912972623,0.06473921383253148,0.04319191561051803,0.09688828335633257,0.14179345261266324,0.19231823313218754,0.34240071018852347,0.18999719066050694,0.045284991884130356,0.01476203853997586,0.003215132975402672
e100_huber_010_gate_complex_resid_confidence_q30,100,confidence_gate,test,442008,0.06410802225832445,0.064104172106049,0.042046288770646215,0.09562663133136917,0.14171293852261485,0.19372693637277227,0.34697438310713463,0.1863744547609998,0.04634757741941322,0.015361712910173572,0.0033664549057935604
e100_huber_010_gate_complex_resid_confidence_q30,100,confidence_gate,recent_holdout,209468,0.067356023138698,0.06754677421758609,0.044151618344937665,0.10044647547020936,0.14843041516832506,0.20271966857087131,0.3658473464792188,0.20126224530715908,0.05153054404491378,0.018017071820039338,0.0039099050929020185
e100_huber_010_gate_complex_resid_confidence_q50,100,confidence_gate,valid,384432,0.06458078703095252,0.06478132179860735,0.04338813201122345,0.09685149213211436,0.14154937347953048,0.19173839865665862,0.3416779536598748,0.18978128771798394,0.04493642568776793,0.014642381487493236,0.0032073292545885877
e100_huber_010_gate_complex_resid_confidence_q50,100,confidence_gate,test,442008,0.06432183971280755,0.06425844945466914,0.04237070080438423,0.09580378651374016,0.1417034362367405,0.19349125168605694,0.3463451334750643,0.18694005538361297,0.04621862047745742,0.015259904798103201,0.0033438308808890335
e100_huber_010_gate_complex_resid_confidence_q50,100,confidence_gate,recent_holdout,209468,0.06752312587147778,0.06765125454800212,0.04437185332696526,0.10065947422140983,0.1486225179953877,0.20265187584951957,0.3656288810390241,0.20196879714323906,0.05146848205931216,0.01789772184772853,0.0038621651039776957
e100_huber_010_gate_complex_resid_confidence_q70,100,confidence_gate,valid,384432,0.06460697480333474,0.06482113355463476,0.04353239144997982,0.09683042838211454,0.14125021601500803,0.1913493597557227,0.34078028077405775,0.18975267407499896,0.04471271902443085,0.01459295792233737,0.0031787156116036127
e100_huber_010_gate_complex_resid_confidence_q70,100,confidence_gate,test,442008,0.06453674799479485,0.06442571818886574,0.0427011438756332,0.09597150372041909,0.14174669389398853,0.19330925613133584,0.34560021891067483,0.1874558831514362,0.046121337170367954,0.015173933503466,0.0033257316609654124
e100_huber_010_gate_complex_resid_confidence_q70,100,confidence_gate,recent_holdout,209468,0.0677087266981933,0.06778417091177523,0.044640779309075916,0.10086714456728006,0.1487437917360152,0.20246447941901344,0.36510426620770126,0.20251780701586877,0.05134435808810892,0.017859529856589073,0.0038621651039776957
e100_huber_010_gate_sgg_resid_confidence_q30,100,confidence_gate,valid,384432,0.06477453714129913,0.06513497511653611,0.043399555174067,0.09711188038461097,0.14235254087523305,0.19306637651842398,0.3477713309305668,0.19067091189078952,0.045885878386814835,0.015222458068006825,0.0034102259957547757
e100_huber_010_gate_sgg_resid_confidence_q30,100,confidence_gate,test,442008,0.06357290294276692,0.06372360933432758,0.04172844014775012,0.09486383730874892,0.14078060129635075,0.19302275060105417,0.34919498617034295,0.18410074025809486,0.04587926010388952,0.015339088885269045,0.0035270854826156993
e100_huber_010_gate_sgg_resid_confidence_q30,100,confidence_gate,recent_holdout,209468,0.06672585486966738,0.06719163560279195,0.04393160353574063,0.09966527008822987,0.1475736584320834,0.2016669783942067,0.36409001120456225,0.19892298584986728,0.05084308820440354,0.01757308992304314,0.004172475031985793
e100_huber_010_gate_sgg_resid_confidence_q50,100,confidence_gate,valid,384432,0.06489117739523251,0.06519082391510593,0.04363421805026398,0.09717804174056664,0.1420413161950844,0.1927120613340042,0.3456409857613159,0.19083218878761393,0.04563095684022142,0.015066383651725142,0.0033139801057144045
e100_huber_010_gate_sgg_resid_confidence_q50,100,confidence_gate,test,442008,0.06431518363858488,0.06434390140753003,0.042430101433045056,0.09568819820994717,0.1416806277614921,0.19408953359716657,0.3502603943068056,0.1865848581926119,0.046431286311559974,0.015601527574161554,0.0035044614577111727
e100_huber_010_gate_sgg_resid_confidence_q50,100,confidence_gate,recent_holdout,209468,0.06687364277488113,0.06726637368552107,0.04404203102928117,0.09976813877906873,0.14763272844701247,0.20169217280431687,0.3642714529423091,0.19926193977122997,0.050862184199973265,0.017616055913075027,0.004139057039738767
e100_huber_010_gate_sgg_resid_confidence_q70,100,confidence_gate,valid,384432,0.06482441529594712,0.06512951351704264,0.04370672102097048,0.09698039639197355,0.14167774534098992,0.19215003153740784,0.3440119047736413,0.19005441794647687,0.04517834103300453,0.014889499313272568,0.003287967703000791
e100_huber_010_gate_sgg_resid_confidence_q70,100,confidence_gate,test,442008,0.0646731431198949,0.06458215650207628,0.042832226756537584,0.09606593610274217,0.14194824017061122,0.1941364586325183,0.3496907062410339,0.18764140015565328,0.046494633581292646,0.015533655499447973,0.003443376590468951
e100_huber_010_gate_sgg_resid_confidence_q70,100,confidence_gate,recent_holdout,209468,0.06733504840680163,0.06761527637953525,0.04437544793568548,0.1003599405891044,0.14833100390789683,0.20240069180055484,0.366303143230303,0.2009996753680753,0.05137777608035595,0.017759275879847995,0.004110413046384173
e100_huber_015_blend_w25,100,static_blend,valid,384432,0.06422605247982402,0.06452929226603794,0.043304868666073665,0.09636280560524933,0.14077696947212656,0.190698521660086,0.3409285220762173,0.18810348774295585,0.044577454530320054,0.01453573063636742,0.0032541515794730926
e100_huber_015_blend_w25,100,static_blend,test,442008,0.06414048387415755,0.06404930731615632,0.042622695561252186,0.09528389520683718,0.1407840736176408,0.19230156622257713,0.34496804952188503,0.1850305876816709,0.045370219543537676,0.01501104052415341,0.0033506180883603916
e100_huber_015_blend_w25,100,static_blend,recent_holdout,209468,0.06747951413086078,0.06761920678320318,0.044890461911196576,0.10032774736542006,0.14769592373544588,0.20095794835825953,0.3625619533000438,0.20110947734260126,0.0505423262741803,0.017425095957377738,0.003905131094009586
e100_huber_015_blend_w50,100,static_blend,valid,384432,0.0638998167435438,0.0642553831852097,0.04303323341524654,0.09602035173679516,0.14050385655472913,0.19048897089921588,0.34157199093449037,0.18705778915386856,0.044533233445706914,0.014530528155824698,0.003329587547342573
e100_huber_015_blend_w50,100,static_blend,test,442008,0.06359830314349546,0.06357265687314599,0.04218073100034172,0.09472738776488134,0.13996629314560588,0.19134240134730132,0.34468035911563893,0.18359169969774303,0.044861178983185826,0.014922806827025755,0.0033845541257171816
e100_huber_015_blend_w50,100,static_blend,recent_holdout,209468,0.06693923563530917,0.0672133808948711,0.04447163804036505,0.09959718159982968,0.14705184150035844,0.20052918229184863,0.36080475982179355,0.19884182786869595,0.05028453033398896,0.017248457998357745,0.00397674107739607
e100_huber_015_blend_w75,100,static_blend,valid,384432,0.0637785719739971,0.06421454725353609,0.04286234905684181,0.09593669563054577,0.14051157324330923,0.19074393550126081,0.3429783420155761,0.18696674574437092,0.044429183834852455,0.014642381487493236,0.00341802971656886
e100_huber_015_blend_w75,100,static_blend,test,442008,0.06326237552420032,0.06333385950623026,0.04187135627694278,0.09445198353976267,0.13961200078856972,0.19107674313855894,0.3453625928770792,0.182731986751371,0.04478425729851043,0.014922806827025755,0.0034546886029212143
e100_huber_015_blend_w75,100,static_blend,recent_holdout,209468,0.06659288601737089,0.06700442145917963,0.044246613500861925,0.09923396544727167,0.14643423493333665,0.1999711426651462,0.3605702064094768,0.1976244581511257,0.04997422040598087,0.017186396012756126,0.004076995054137148
e100_huber_015_gate_resid_expected_abs_pct_error_q50,100,risk_gate,valid,384432,0.06473337231776696,0.06515857524491254,0.043695385696115606,0.09704113857625409,0.14168071373696778,0.19257996975959546,0.34591156040069143,0.19063189328671912,0.04542285761851251,0.014996150164398385,0.003347796229242103
e100_huber_015_gate_resid_expected_abs_pct_error_q50,100,risk_gate,test,442008,0.06317680691556393,0.06335649171206477,0.041885135310310184,0.09446507205675186,0.1395805585392518,0.19092795873089385,0.34532964048901055,0.18252837052723028,0.04478199489601998,0.014843622739859912,0.003450163797940309
e100_huber_015_gate_resid_expected_abs_pct_error_q50,100,risk_gate,recent_holdout,209468,0.06646705237458271,0.06694728126737429,0.044150504300530635,0.09922845867976136,0.1462136365858536,0.1993628343461586,0.36058369467905266,0.19766265014226517,0.04957320449901655,0.017024080050413427,0.004076995054137148
e100_huber_015_gate_resid_expected_abs_pct_error_q70,100,risk_gate,valid,384432,0.06471954042344409,0.065094908696782,0.04361120348035398,0.0969341684614563,0.14173943970742037,0.19270355523710647,0.3470539278398634,0.19040038290256794,0.04553731219045241,0.015108003496066925,0.0034128272360261372
e100_huber_015_gate_resid_expected_abs_pct_error_q70,100,risk_gate,test,442008,0.06313970362451206,0.06329381635454923,0.04185614054484289,0.09438838591555909,0.13942761558586517,0.19067555476305278,0.34438169772520083,0.18231570469312772,0.044569329061917434,0.014787062677598595,0.003447901395449856
e100_huber_015_gate_resid_expected_abs_pct_error_q70,100,risk_gate,recent_holdout,209468,0.06650377252109713,0.06705304519486231,0.04414891820553514,0.09926908807555329,0.14653036611943848,0.19995502782704738,0.36389078181986123,0.1977581301201138,0.04999809040044303,0.017267553993927473,0.004162927034200928
e100_huber_015_gate_resid_expected_abs_pct_error_q85,100,risk_gate,valid,384432,0.06395005513307288,0.0644673842408413,0.042992036640597885,0.09631139997407734,0.14108178948154954,0.19176602170906487,0.3453212131516778,0.1884234402963333,0.045024867856994215,0.014814063345403089,0.0034830607233528946
e100_huber_015_gate_resid_expected_abs_pct_error_q85,100,risk_gate,test,442008,0.06319465318013032,0.06337481280934876,0.041834528934913254,0.09449121084805205,0.13959648135288677,0.19111115472583184,0.3462260256681639,0.18265506506669563,0.04486796619065718,0.015015565329134315,0.0034976742502398146
e100_huber_015_gate_resid_expected_abs_pct_error_q85,100,risk_gate,recent_holdout,209468,0.06649716753670251,0.06703033484477913,0.04416261377889567,0.09923487716250275,0.14651431252131983,0.19987897443568656,0.3633760880298623,0.1976674241411576,0.04994557641262627,0.017210266007218287,0.004158153035308496
e100_huber_015_gate_best_resid_abs_pct_mean_q50,100,risk_gate,valid,384432,0.06473337231776696,0.06515857524491254,0.043695385696115606,0.09704113857625409,0.14168071373696778,0.19257996975959546,0.34591156040069143,0.19063189328671912,0.04542285761851251,0.014996150164398385,0.003347796229242103
e100_huber_015_gate_best_resid_abs_pct_mean_q50,100,risk_gate,test,442008,0.06317680691556393,0.06335649171206477,0.041885135310310184,0.09446507205675186,0.1395805585392518,0.19092795873089385,0.34532964048901055,0.18252837052723028,0.04478199489601998,0.014843622739859912,0.003450163797940309
e100_huber_015_gate_best_resid_abs_pct_mean_q50,100,risk_gate,recent_holdout,209468,0.06646705237458271,0.06694728126737429,0.044150504300530635,0.09922845867976136,0.1462136365858536,0.1993628343461586,0.36058369467905266,0.19766265014226517,0.04957320449901655,0.017024080050413427,0.004076995054137148
e100_huber_015_gate_best_resid_abs_pct_mean_q70,100,risk_gate,valid,384432,0.06471954042344409,0.065094908696782,0.04361120348035398,0.0969341684614563,0.14173943970742037,0.19270355523710647,0.3470539278398634,0.19040038290256794,0.04553731219045241,0.015108003496066925,0.0034128272360261372
e100_huber_015_gate_best_resid_abs_pct_mean_q70,100,risk_gate,test,442008,0.06313970362451206,0.06329381635454923,0.04185614054484289,0.09438838591555909,0.13942761558586517,0.19067555476305278,0.34438169772520083,0.18231570469312772,0.044569329061917434,0.014787062677598595,0.003447901395449856
e100_huber_015_gate_best_resid_abs_pct_mean_q70,100,risk_gate,recent_holdout,209468,0.06650377252109713,0.06705304519486231,0.04414891820553514,0.09926908807555329,0.14653036611943848,0.19995502782704738,0.36389078181986123,0.1977581301201138,0.04999809040044303,0.017267553993927473,0.004162927034200928
e100_huber_015_gate_best_resid_abs_pct_mean_q85,100,risk_gate,valid,384432,0.06395005513307288,0.0644673842408413,0.042992036640597885,0.09631139997407734,0.14108178948154954,0.19176602170906487,0.3453212131516778,0.1884234402963333,0.045024867856994215,0.014814063345403089,0.0034830607233528946
e100_huber_015_gate_best_resid_abs_pct_mean_q85,100,risk_gate,test,442008,0.06319465318013032,0.06337481280934876,0.041834528934913254,0.09449121084805205,0.13959648135288677,0.19111115472583184,0.3462260256681639,0.18265506506669563,0.04486796619065718,0.015015565329134315,0.0034976742502398146
e100_huber_015_gate_best_resid_abs_pct_mean_q85,100,risk_gate,recent_holdout,209468,0.06649716753670251,0.06703033484477913,0.04416261377889567,0.09923487716250275,0.14651431252131983,0.19987897443568656,0.3633760880298623,0.1976674241411576,0.04994557641262627,0.017210266007218287,0.004158153035308496
e100_huber_015_gate_complex_resid_abs_pct_mean_q50,100,risk_gate,valid,384432,0.06444158351214244,0.06477049151225957,0.04354630836602913,0.0967246395154498,0.1411396667149809,0.19104826699826324,0.34075830602484564,0.1893937029175511,0.044572252049777335,0.014598160402880093,0.003269759021101261
e100_huber_015_gate_complex_resid_abs_pct_mean_q50,100,risk_gate,test,442008,0.06405669385892693,0.06403225823934072,0.04237965084352874,0.09536569772753081,0.1409637249551307,0.19230396256506066,0.3462495733758704,0.1853269624079202,0.045453928435684424,0.015115111038714232,0.0033189444534940543
e100_huber_015_gate_complex_resid_abs_pct_mean_q50,100,risk_gate,recent_holdout,209468,0.06731305842810119,0.06750260059768573,0.044633919291799135,0.10029824209321178,0.1478044178111686,0.2011480525109522,0.3633157278851918,0.20096148337693587,0.050604388259781925,0.017587411919720436,0.0039099050929020185
e100_huber_015_gate_complex_resid_abs_pct_mean_q70,100,risk_gate,valid,384432,0.06429426400645341,0.06461501844994332,0.04336063180984984,0.0965944717265808,0.1411066301300259,0.19102877715700609,0.3407069590134606,0.18901392183793234,0.04461907437466184,0.014631976526407792,0.003282765222458068
e100_huber_015_gate_complex_resid_abs_pct_mean_q70,100,risk_gate,test,442008,0.0638318892171073,0.06386068439064653,0.042180572687257584,0.09510384950851365,0.14060992699581915,0.19197059764984756,0.3461422113359225,0.18460751841595627,0.04529103545637183,0.015092487013809705,0.003355142893341297
e100_huber_015_gate_complex_resid_abs_pct_mean_q70,100,risk_gate,recent_holdout,209468,0.06707228926148494,0.06732439107839702,0.04442552756653661,0.0999417344792075,0.1473663426136392,0.20075269150617653,0.36417438893344106,0.19982527164053698,0.050375236312945174,0.017544445929688544,0.003952871082933909
e100_huber_015_gate_complex_resid_abs_pct_mean_q85,100,risk_gate,valid,384432,0.06412704973427898,0.06451585691825686,0.04316798626657857,0.0964415706972341,0.14107457791532702,0.19113013541314638,0.3419274179056145,0.18862893827777083,0.0447361301868731,0.014657988929121405,0.003303575144628959
e100_huber_015_gate_complex_resid_abs_pct_mean_q85,100,risk_gate,test,442008,0.06362516242715086,0.06372131786982671,0.042027528748708354,0.09486023157444634,0.14027266845132122,0.19165962438422093,0.3466476561491312,0.18392427286383956,0.04516434091690648,0.015115111038714232,0.003382291723226729
e100_huber_015_gate_complex_resid_abs_pct_mean_q85,100,risk_gate,recent_holdout,209468,0.0669077370588815,0.06721836449601912,0.0443604684133907,0.0997162514580348,0.14719768524014207,0.20059843442992403,0.36452967996052316,0.19912826780224188,0.050308400328451124,0.017553993927473407,0.004019707067427961
e100_huber_015_gate_sgg_resid_abs_pct_mean_q50,100,risk_gate,valid,384432,0.06471834170947068,0.06503747255926946,0.04373177311622829,0.09688573863397475,0.14140705127551614,0.19209687820070503,0.3438004834824607,0.18998678569942148,0.04512631622757731,0.01483747450784534,0.0032801639821867065
e100_huber_015_gate_sgg_resid_abs_pct_mean_q50,100,risk_gate,test,442008,0.06381299918911476,0.06388483709030002,0.04227020456404447,0.09509170578005563,0.14042368290030732,0.19178705079765432,0.34640459541752033,0.18459620640350402,0.04520053935675372,0.015060813378943367,0.0034275397730357824
e100_huber_015_gate_sgg_resid_abs_pct_mean_q50,100,risk_gate,recent_holdout,209468,0.06674416168841518,0.06716524782129081,0.04427330989131385,0.09951889859674524,0.14683098837253655,0.1998691518750157,0.3625550258124456,0.19852196994290297,0.04994080241373384,0.017291423988389634,0.004067447056352283
e100_huber_015_gate_sgg_resid_abs_pct_mean_q70,100,risk_gate,valid,384432,0.06453412544696234,0.06492585260154853,0.043463676692190256,0.09683350887598342,0.14150324665977304,0.19222099465522102,0.34547622207549683,0.1899191534523661,0.045206954675989515,0.014951929079785242,0.0033582011903275483
e100_huber_015_gate_sgg_resid_abs_pct_mean_q70,100,risk_gate,test,442008,0.06334158803318489,0.0634879617162701,0.04198556041737614,0.09453974339387716,0.13957225058710504,0.19091717017496385,0.3450529752203078,0.18284510687589364,0.04464398834410237,0.014839097934879007,0.0034456389929594035
e100_huber_015_gate_sgg_resid_abs_pct_mean_q70,100,risk_gate,recent_holdout,209468,0.06670933658000817,0.06716740236806648,0.04426233867801713,0.09947347926454804,0.1467937504465302,0.19985088926267455,0.3635361095279967,0.19839784597169974,0.04993125441594898,0.017277101991712337,0.0041199610441690375
e100_huber_015_gate_sgg_resid_abs_pct_mean_q85,100,risk_gate,valid,384432,0.06423352454324602,0.06470994432883102,0.04320300076023037,0.09648260295401208,0.14117760059582288,0.19160754161083374,0.3450010690979992,0.188860448661922,0.04491301452532567,0.014866088150830317,0.003431035917925667
e100_huber_015_gate_sgg_resid_abs_pct_mean_q85,100,risk_gate,test,442008,0.0632957568061852,0.06351366992110138,0.0419118896218438,0.09455245846606611,0.13968683011955743,0.19110617550799383,0.34658379568174436,0.18287451810826955,0.04476615807858681,0.014992941304229788,0.003488624640278004
e100_huber_015_gate_sgg_resid_abs_pct_mean_q85,100,risk_gate,recent_holdout,209468,0.06651007282944918,0.06704795245963178,0.04415187016092577,0.09926233321297108,0.1466049266256437,0.20005841522378792,0.3638195343541265,0.1977247121278668,0.05003628239158248,0.01721981400500315,0.004196345026447954
e100_huber_015_gate_complex_resid_error_gt_20_rate_q50,100,risk_gate,valid,384432,0.06432461075940021,0.06468346773486745,0.04348770192373709,0.09656840865757287,0.14082315761172542,0.19074343794576276,0.3405608634490731,0.18883703749947975,0.04447860740000832,0.0146111666042369,0.0032801639821867065
e100_huber_015_gate_complex_resid_error_gt_20_rate_q50,100,risk_gate,test,442008,0.06411629855099743,0.06409189202237117,0.04253843034646118,0.09541910815184092,0.14090976476125924,0.19212515801062224,0.3455770510570483,0.18553284103455142,0.04541320519085627,0.015035926951548388,0.003348355685869939
e100_huber_015_gate_complex_resid_error_gt_20_rate_q50,100,risk_gate,recent_holdout,209468,0.06733410638616116,0.06753898662528011,0.04470724929942872,0.10028636603558257,0.1476418428438182,0.20102904507891628,0.3635642274779424,0.20098057937250557,0.050547100273072736,0.017539671930796114,0.003967193079611206
e100_huber_015_gate_complex_resid_error_gt_20_rate_q70,100,risk_gate,valid,384432,0.06421548834390625,0.06458004854349574,0.04334047044382359,0.0964938214898643,0.1409118689458864,0.19072468843850512,0.34083441541223064,0.18863414075831356,0.04456184708869189,0.014644982727764598,0.003303575144628959
e100_huber_015_gate_complex_resid_error_gt_20_rate_q70,100,risk_gate,test,442008,0.06381730907937357,0.06385538726587857,0.04221520002212104,0.09510979032430816,0.14045152515649093,0.19179164237257293,0.34596176860679656,0.18460978081844673,0.04523221299162006,0.01505402617147201,0.003361930100812655
e100_huber_015_gate_complex_resid_error_gt_20_rate_q70,100,risk_gate,recent_holdout,209468,0.067049633071535,0.06732173996301641,0.04444748456116894,0.09996132395593717,0.14720696207433664,0.2008632925132653,0.3640693817025882,0.19991120362060075,0.05041820230297706,0.01751102793744152,0.0040006110718582314
e100_huber_015_gate_complex_resid_error_gt_20_rate_q85,100,risk_gate,valid,384432,0.06408111826386433,0.06448802983874166,0.04313424904202723,0.09635292627249803,0.14095789482281154,0.19101767696466743,0.34176663443084343,0.18841303533524784,0.044689307861988596,0.014663191409664128,0.00334259374869938
e100_huber_015_gate_complex_resid_error_gt_20_rate_q85,100,risk_gate,test,442008,0.06361148789383343,0.06371433876338796,0.042038727729908174,0.09487130114598528,0.14023298455159486,0.19154508078673343,0.34618635958083566,0.1839378472787823,0.04512135526958788,0.015094749416300157,0.00340039094315035
e100_huber_015_gate_complex_resid_error_gt_20_rate_q85,100,risk_gate,recent_holdout,209468,0.06688620140739028,0.06721442111133484,0.044369255017717685,0.09975933973195072,0.14706012952615133,0.20072978935355734,0.36388262853072056,0.19921419978230565,0.050375236312945174,0.01747283594630206,0.004048351060782554
e100_huber_015_gate_sgg_resid_error_gt_20_rate_q50,100,risk_gate,valid,384432,0.0647255750870177,0.06500907379001164,0.04372162225929693,0.09686498833373264,0.14132126231007847,0.1918216998685564,0.34370835738912114,0.18985152120531068,0.04502226661672285,0.01487649311191576,0.0032723602613726225
e100_huber_015_gate_sgg_resid_error_gt_20_rate_q50,100,risk_gate,test,442008,0.06418624970927209,0.06420273388510506,0.04252024830818654,0.09547960087703668,0.14098153232621058,0.19261466654076861,0.3488689337969109,0.18584731498072432,0.045711842319596026,0.015370762520135382,0.003461475810392572
e100_huber_015_gate_sgg_resid_error_gt_20_rate_q50,100,risk_gate,recent_holdout,209468,0.06694361162717527,0.06733112063836523,0.04437374188709241,0.09971939273549833,0.14709949723697058,0.2003693063872921,0.3640401567975737,0.19908530181220999,0.05019382435503275,0.01747283594630206,0.00408176905302958
e100_huber_015_gate_sgg_resid_error_gt_20_rate_q70,100,risk_gate,valid,384432,0.06467329411358895,0.06502673265238043,0.043623922725332887,0.09694906428124896,0.141534752358355,0.19221741416517638,0.34576859971456697,0.1901948849211304,0.045251175760602655,0.015040371249011529,0.003363403670870271
e100_huber_015_gate_sgg_resid_error_gt_20_rate_q70,100,risk_gate,test,442008,0.0639712591953687,0.06401525087473216,0.042356899345765905,0.09527558274619895,0.14071264212734216,0.19239574281811395,0.3485723510945888,0.185145970208684,0.04553763732783117,0.015287053627988633,0.0034931494452589093
e100_huber_015_gate_sgg_resid_error_gt_20_rate_q70,100,risk_gate,recent_holdout,209468,0.06677775324616912,0.06720943463743445,0.04427682716238526,0.09948661329083465,0.1469178366103004,0.20031226752677472,0.3645224767552004,0.19839784597169974,0.050165180361678156,0.017444191952947465,0.004167701033093361
e100_huber_015_gate_sgg_resid_error_gt_20_rate_q85,100,risk_gate,valid,384432,0.06443486075132816,0.06485063009792408,0.04335100931430334,0.09667004305800977,0.14143716892262836,0.19229006870475887,0.34644303206420796,0.1895419736130187,0.04533441544928622,0.015108003496066925,0.0034700545219960876
e100_huber_015_gate_sgg_resid_error_gt_20_rate_q85,100,risk_gate,test,442008,0.06326788190398472,0.06347728060003106,0.041882256527123296,0.09452034593035885,0.1397413336255845,0.19113315080375667,0.3469536456048176,0.18285868129083638,0.04479783171345315,0.015006515719172504,0.003520298275144341
e100_huber_015_gate_sgg_resid_error_gt_20_rate_q85,100,risk_gate,recent_holdout,209468,0.0665164909102743,0.06706466747612778,0.04415340631729846,0.09926563268324529,0.14663270088157893,0.20009064460577317,0.36389078181986123,0.1977247121278668,0.050060152386044644,0.017243683999465312,0.004191571027555522
e100_huber_015_gate_complex_resid_confidence_q30,100,confidence_gate,valid,384432,0.06446334226690043,0.06469980507187859,0.04344086277187878,0.0966304411292903,0.1411946907223309,0.19135467885940244,0.3410231212703385,0.1892506347026262,0.04471532026470221,0.014605964123694177,0.0032047280143172267
e100_huber_015_gate_complex_resid_confidence_q30,100,confidence_gate,test,442008,0.06412168886737608,0.06412193554598292,0.042324385501644336,0.09548858493520224,0.1409989326549226,0.1924825564215946,0.34570274897032544,0.1858631517981575,0.0456462326473729,0.015153571881051927,0.0033415684783985812
e100_huber_015_gate_complex_resid_confidence_q30,100,confidence_gate,recent_holdout,209468,0.06734929510313449,0.06753938727217287,0.04456169367163535,0.10017930530933283,0.1477790142668035,0.20142047903059668,0.36467439932067713,0.20056046746997155,0.050781026218801914,0.01772108388870854,0.0038955830962247215
e100_huber_015_gate_complex_resid_confidence_q50,100,confidence_gate,valid,384432,0.06456253342663859,0.06476458656985495,0.04356058240324393,0.0967114490317821,0.141123806783534,0.19101165969993336,0.34023689827006837,0.1893390768718525,0.04452542972489283,0.014538331876638782,0.003202126774045865
e100_huber_015_gate_complex_resid_confidence_q50,100,confidence_gate,test,442008,0.06434987792671985,0.06428956124792257,0.042580385177929836,0.09574333153815218,0.14109898952568087,0.19255613581912331,0.3453129049919569,0.1865079365079365,0.045619083817487464,0.015110586233733327,0.0033234692584749597
e100_huber_015_gate_complex_resid_confidence_q50,100,confidence_gate,recent_holdout,209468,0.06753184404570031,0.06765778366752082,0.04474270682379544,0.10052117539902743,0.14803208920989164,0.2015593671221202,0.3642790570422512,0.20157255523516718,0.050828766207726236,0.01766379590199935,0.0038621651039776957
e100_huber_015_gate_complex_resid_confidence_q70,100,confidence_gate,valid,384432,0.06461215436479355,0.06482903676843271,0.043685665854188996,0.09674819588669366,0.14100520069648217,0.19090016052164763,0.3397569059358009,0.1894873475673201,0.04444479127648063,0.014509718233653806,0.0031813168518749738
e100_huber_015_gate_complex_resid_confidence_q70,100,confidence_gate,test,442008,0.06458806999594828,0.06448169674261392,0.042888750250328164,0.09600476918469779,0.14129757535392554,0.19283969690161568,0.3447955462246183,0.18731335179453765,0.045700530307143765,0.01508117500135744,0.003307632441041791
e100_huber_015_gate_complex_resid_confidence_q70,100,confidence_gate,recent_holdout,209468,0.06773605364558705,0.06781148482459164,0.04496506662035242,0.10079112897782043,0.1483900460065655,0.20152236196215048,0.3639474303292985,0.20233639505795634,0.05080967021215651,0.017692439895353945,0.003881261099547425
e100_huber_015_gate_sgg_resid_confidence_q30,100,confidence_gate,valid,384432,0.06472430644119519,0.06510371176330024,0.043655510295446634,0.09692206845167785,0.14169115872249866,0.19242477300116925,0.3466371538971691,0.19020008740167313,0.04537083281308528,0.015126212177966454,0.00341802971656886
e100_huber_015_gate_sgg_resid_confidence_q30,100,confidence_gate,test,442008,0.0635401495736418,0.06374104365629572,0.04203116491759944,0.09470062918704572,0.14005984701015042,0.19155664459899474,0.34769221311576476,0.18357812528280032,0.04510099364717381,0.015124160648676043,0.003513511067672983
e100_huber_015_gate_sgg_resid_confidence_q30,100,confidence_gate,recent_holdout,209468,0.0666664430662089,0.06718237646982127,0.04430619035193754,0.09943329904438858,0.14688427864622403,0.20024670867191377,0.3633760880298623,0.1982928179960662,0.050141310367215995,0.01728187599060477,0.004186797028663089
e100_huber_015_gate_sgg_resid_confidence_q50,100,confidence_gate,valid,384432,0.06485071512553468,0.06515918168913981,0.043812695723383734,0.09704957079008569,0.14152801705261447,0.19209820750511247,0.34492518181013604,0.1903691680193116,0.04521996087734632,0.014996150164398385,0.003321783826528489
e100_huber_015_gate_sgg_resid_confidence_q50,100,confidence_gate,test,442008,0.06431649543401843,0.06436971708329155,0.042648196170032494,0.0955779916768573,0.1411273264422501,0.19295991408481944,0.34899415967500774,0.18621382418417767,0.045847586469023184,0.015465783424734394,0.003495411847749362
e100_huber_015_gate_sgg_resid_confidence_q50,100,confidence_gate,recent_holdout,209468,0.06682515502416214,0.06726024688889627,0.044374843630644145,0.09959484134889927,0.14698296846636122,0.20056212408870874,0.3638195343541265,0.19878453988198674,0.05029407833177383,0.017339163977313957,0.004143831038631199
e100_huber_015_gate_sgg_resid_confidence_q70,100,confidence_gate,valid,384432,0.06478253743857737,0.0650873977397646,0.04378478340668769,0.09685497316099427,0.14130874365037935,0.1917972328363654,0.3436049915422919,0.18967723810712947,0.04492341948641112,0.014863486910558955,0.0032853664627294295
e100_huber_015_gate_sgg_resid_confidence_q70,100,confidence_gate,test,442008,0.06467388796364848,0.06459162268376002,0.04299411773737175,0.09599865106825903,0.14152903896687324,0.19335738639954264,0.34890821504294267,0.18734728783189444,0.046071564315578,0.015409223362473077,0.003441114187978498
e100_huber_015_gate_sgg_resid_confidence_q70,100,confidence_gate,recent_holdout,209468,0.067329533422303,0.06763512079506118,0.0446743707361453,0.10019930902315846,0.14776472075417046,0.20166349986934543,0.3657286187664064,0.20060343346000345,0.050929020184467315,0.01757786392193557,0.004100865048599309
